Scheme Name,Eligible Categories,Eligible Genders,Max Income,Age Range,Disability Required,Rural Only,Business Types
"""Assistance for Energy and Water Conservation"" under ""Motivation of Entrepreneurs to Start Industries and Fiscal Assistance to Industries - Various Incentives""",ANY,ANY,No cap / not found,Not found,No,No,MSME
"""Assistance for Intellectual Property Protection Support"" under ""Motivation of Entrepreneurs to Start Industries and Fiscal Assistance to Industries - Various Incentives""",ANY,ANY,No cap / not found,Not found,No,No,"services, MSME"
"""Assistance for Technology Acquisition"" under ""Motivation of Entrepreneurs to Start Industries and Fiscal Assistance to Capital Intensive Industries""",ANY,ANY,No cap / not found,Not found,No,No,ANY
"""Capital Investment Subsidy (for New and Existing Industries)"" under ""Motivation of Entrepreneurs to Start Industries and Fiscal Assistance to Capital Intensive Industries""","SC, ST",female,No cap / not found,Not found,No,No,MSME
"""Capital Investment Subsidy: 5% Additional Capital Investment Subsidy to Karaikal Region"" under ""Motivation of Entrepreneurs to Start Industries and Fiscal Assistance to Industries""",ANY,ANY,No cap / not found,Not found,No,No,ANY
"""Capital Investment Subsidy: Information Technology (IT) / Information Technology Enabled Services (ITES) Industries"" under ""Motivation of Entrepreneurs to Start Industries and Fiscal Assistance to Industries""",ANY,ANY,No cap / not found,Not found,No,No,ANY
"""Capital Investment Subsidy: Physically Handicapped Persons/ Ex-Servicemen"" under ""Motivation of Entrepreneurs to Start Industries and Fiscal Assistance to Industries""",ANY,ANY,No cap / not found,Not found,Yes,No,ANY
"""Capital Investment Subsidy: SC/ST/Women Entrepreneurs"" Component of the ""Motivation of Entrepreneurs to Start Industries and Fiscal Assistance to Industries"" Scheme",ANY,female,No cap / not found,Not found,No,No,manufacturing
"""Conducting of Exhibitions"" Component of the ""Development of Coir"" Scheme",ANY,ANY,No cap / not found,Not found,No,No,ANY
"""Employment Incentive"" under ""Motivation of Entrepreneurs to Start Industries and Fiscal Assistance to Industries - Various Incentives""",ANY,ANY,No cap / not found,Not found,No,No,MSME
"""Employment Incentive"" under ""Motivation of Entrepreneurs to Start Industries and Fiscal Assistance to Industries""",ANY,ANY,No cap / not found,Not found,No,No,ANY
"""Entrepreneureship Development Programme (EDP)"" Component of the ""Development of Industries"" Scheme",ANY,ANY,No cap / not found,Not found,No,No,ANY
"""Entrepreneurship Development Programme"" Component of the ""Development of Coir"" Scheme",ANY,ANY,No cap / not found,Not found,No,No,ANY
"""Exhibition"" Component of the ""Development Of Handicrafts"" Scheme",ANY,ANY,No cap / not found,Not found,No,No,handicraft
"""Generator Subsidy"" under ""Motivation of Entrepreneurs to Start Industries and Fiscal Assistance to Industries - Various Incentives""",ANY,ANY,No cap / not found,Not found,No,No,MSME
"""Generator Subsidy"" under ""Motivation of Entrepreneurs to Start Industries and Fiscal Assistance to Industries""",ANY,ANY,No cap / not found,Not found,No,No,"manufacturing, services"
"""Grant To Handicrafts Societies"" Component of the ""Development of Handicrafts"" Scheme",ANY,ANY,No cap / not found,Not found,No,No,handicraft
"""Grant of Margin Money for Availing Capital Loan"" Component of the ""Development of Coir"" Scheme",ANY,ANY,No cap / not found,Not found,No,No,ANY
"""Grant of Margin Money for Availing the Capital Loan"" Component of the ""Development of Silk"" Scheme",ANY,ANY,"₹100,000",Not found,No,No,ANY
"""Grant to Coir Cluster/Societies/Agency"" Component of the ""Development of Coir"" Scheme",ANY,ANY,No cap / not found,Not found,No,No,handicraft
"""Grant to Silk Societies/Agency"" Component of the ""Development of Silk"" Scheme",ANY,ANY,No cap / not found,Not found,No,No,handicraft
"""Grant to Subsidy for Raw Materials Procurement"" Component of the ""Development of Coir"" Scheme",ANY,ANY,No cap / not found,Not found,No,No,ANY
"""Green and Eco-Friendly Measures"" under “Motivation of Entrepreneurs to Start Industries and Fiscal Assistance to Industries - State Awards to Micro, Small and Medium Enterprises”",ANY,ANY,No cap / not found,Not found,No,No,ANY
"""Infrastructure Development Subsidy (For IT/ITES)"" under ""Motivation of Entrepreneurs to Start Industries and Fiscal Assistance to Capital Intensive Industries""",ANY,ANY,No cap / not found,Not found,No,No,manufacturing
"""Infrastructure Subsidy"" under ""Motivation of Entrepreneurs to Start Industries and Fiscal Assistance to Industries""",ANY,ANY,No cap / not found,Not found,No,No,"manufacturing, services"
"""Innovation in Technology [Product (or) Process]"" under “Motivation of Entrepreneurs to Start Industries and Fiscal Assistance to Industries - State Awards to Micro, Small and Medium Enterprises”",ANY,ANY,No cap / not found,Not found,No,No,startup
"""Interest Subsidy (For Micro, Small, Medium and Large New Industries)"" under ""Motivation of Entrepreneurs to Start Industries and Fiscal Assistance to Industries - Various Incentives""",ANY,ANY,No cap / not found,Not found,No,No,MSME
"""Interest Subsidy"" under ""Motivation of Entrepreneurs to Start Industries and Fiscal Assistance to Industries""","SC, ST",female,No cap / not found,Not found,Yes,No,ANY
"""Market Development Support Assistance"" under ""Motivation of Entrepreneurs to Start Industries and Fiscal Assistance to Industries - Various Incentives""",ANY,ANY,No cap / not found,Not found,No,No,MSME
"""Outstanding Artisan of the Year"" under “Motivation of Entrepreneurs to Start Industries and Fiscal Assistance to Industries - State Awards to Micro, Small and Medium Enterprises”",ANY,ANY,No cap / not found,Not found,No,No,handicraft
"""Outstanding Entrepreneur"" under “Motivation of Entrepreneurs to Start Industries and Fiscal Assistance to Industries - State Awards to Micro, Small and Medium Enterprises”",ANY,ANY,No cap / not found,Not found,No,No,ANY
"""Outstanding Exporter"" under “Motivation of Entrepreneurs to Start Industries and Fiscal Assistance to Industries - State Awards to Micro, Small and Medium Enterprises”",ANY,ANY,No cap / not found,Not found,No,No,manufacturing
"""Outstanding SC/ST Entrepreneur"" under “Motivation of Entrepreneurs to Start Industries and Fiscal Assistance to Industries - State Awards to Micro, Small and Medium Enterprises”",ANY,ANY,No cap / not found,Not found,No,No,ANY
"""Rent Subsidy"" under ""Motivation of Entrepreneurs to Start Industries and Fiscal Assistance to Industries""",ANY,female,No cap / not found,Not found,No,No,ANY
"""Subsidy for Quality Certification"" under ""Motivation of Entrepreneurs to Start Industries and Fiscal Assistance to Industries - Various incentives""",ANY,ANY,No cap / not found,Not found,No,No,MSME
"""Subsidy to Pollution Control Equipment"" under ""Motivation of Entrepreneurs to Start Industries and Fiscal Assistance to Capital Intensive Industries""",ANY,ANY,No cap / not found,Not found,No,No,ANY
"""Training in Silk"" Component of the ""Development of Silk"" Scheme",ANY,ANY,No cap / not found,18-35,No,No,ANY
"Financial Assistance for Setting Up of Sales Emporia by Industrial Associations, Handicrafts Societies and Recognized Institutions' under 'Marketing And Publicity'",ANY,ANY,No cap / not found,Not found,No,No,handicraft
"Grant-in-Aid to Industrial Association, CII, Industrial NGOs for Promotion of SME Clusters' under 'Marketing And Publicity'",ANY,ANY,No cap / not found,Not found,No,No,ANY
"Organizing/ Participation in Exhibitions /Trade Fairs /Expo /Seminars /Investors Meets, etc' under 'Marketing And Publicity'",ANY,ANY,No cap / not found,Not found,No,No,handicraft
Rent Subsidy for Sales Emporia Established by Handicrafts / Micro & Small Industries Emporium' under 'Marketing And Publicity',ANY,ANY,No cap / not found,Not found,No,No,ANY
25% Capital Investment Subsidy Scheme,ANY,female,No cap / not found,18-100,Yes,No,"manufacturing, MSME"
"40% Subsidy On Hank Yarn, Dyes & Chemicals Scheme",ANY,ANY,No cap / not found,Not found,No,No,handicraft
Aamar Dukan On Wheels,ANY,ANY,No cap / not found,18-100,No,No,education
Aatmanirbhar Gujarat Scheme for Assistance to Mega Industries: Assistance of Interest Subsidy,ANY,ANY,No cap / not found,Not found,No,No,manufacturing
Aatmanirbhar Gujarat Scheme for Assistance to Mega Industries: EPF Reimbursement,ANY,ANY,No cap / not found,Not found,No,No,manufacturing
Aatmanirbhar Gujarat Scheme for Assistance to Mega Industries: Net SGST reimbursement,ANY,ANY,No cap / not found,Not found,No,No,manufacturing
Aatmanirbhar Gujarat Scheme for Assistance to Mega Industries: Reimbursement of SGST Paid on Capital Goods,ANY,ANY,No cap / not found,Not found,No,No,manufacturing
Aatmanirbhar Gujarat Scheme for Assistance to Mega Industries: Reimbursement of Stamp Duty and Registration Fees,ANY,ANY,No cap / not found,Not found,No,No,manufacturing
Aatmanirbhar Gujarat Scheme for assistance to Large Industries and Thrust Sector: Assistance of Interest Subsidy,ANY,ANY,No cap / not found,Not found,No,No,ANY
Aatmanirbhar Gujarat Scheme for assistance to Large Industries and Thrust Sector: EPF Reimbursement,ANY,ANY,No cap / not found,Not found,No,No,ANY
Aatmanirbhar Gujarat Scheme for assistance to Large Industries and Thrust Sector: Net SGST Reimbursement,ANY,ANY,No cap / not found,Not found,No,No,manufacturing
"Aatmanirbhar Gujarat Scheme for assistance to MSMEs: Assistance for Interest Subsidy to Micro, Small and Medium Enterprise (Manufacturing Sector)",ANY,ANY,No cap / not found,Not found,No,No,"trading, services, MSME"
"Aatmanirbhar Gujarat Scheme for assistance to MSMEs: Assistance for Interest Subsidy to Micro, Small and Medium Enterprise (Service Sector)",ANY,ANY,No cap / not found,Not found,No,No,"trading, services, MSME"
Aatmanirbhar Gujarat Scheme for assistance to MSMEs: Assistance for Patent Registration,ANY,ANY,No cap / not found,Not found,No,No,"trading, MSME"
Aatmanirbhar Gujarat Scheme for assistance to MSMEs: Assistance for Power Connection Charges,ANY,ANY,No cap / not found,Not found,No,No,"trading, services, MSME"
Aatmanirbhar Gujarat Scheme for assistance to MSMEs: Assistance for Quality Certification,ANY,ANY,No cap / not found,Not found,No,No,"manufacturing, trading, MSME"
Aatmanirbhar Gujarat Scheme for assistance to MSMEs: Assistance for Raising Capital through SME Exchange,ANY,ANY,No cap / not found,Not found,No,No,"trading, MSME"
Aatmanirbhar Gujarat Scheme for assistance to MSMEs: Assistance for Reimbursement of CGTMSE Fees,ANY,ANY,No cap / not found,Not found,No,No,services
Aatmanirbhar Gujarat Scheme for assistance to MSMEs: Assistance for Saving in Consumption of Energy and Water,ANY,ANY,No cap / not found,Not found,No,No,"trading, services, MSME"
Aatmanirbhar Gujarat Scheme for assistance to MSMEs: Assistance for Technology Acquisition,ANY,ANY,No cap / not found,Not found,No,No,"manufacturing, trading, MSME"
Aatmanirbhar Gujarat Scheme for assistance to MSMEs: Assistance in Implementation of Information and Communication Technology,ANY,ANY,No cap / not found,Not found,No,No,"manufacturing, trading, MSME"
Aatmanirbhar Gujarat Scheme for assistance to MSMEs: Assistance in Rent to MSEs,ANY,ANY,No cap / not found,Not found,No,No,"manufacturing, trading, MSME"
Aatmanirbhar Gujarat Scheme for assistance to MSMEs: Assistance of Capital Investment Subsidy to Micro enterprises,ANY,ANY,No cap / not found,Not found,No,No,"manufacturing, trading, MSME"
Aatmanirbhar Gujarat Scheme for assistance to MSMEs: EPF Reimbursement to MSMEs,ANY,ANY,No cap / not found,Not found,No,No,"manufacturing, trading, MSME"
Aatmanirbhar Gujarat Scheme for assistance to MSMEs: Financial Support to MSMEs in ZED Certification,ANY,ANY,No cap / not found,Not found,No,No,"manufacturing, trading, MSME"
"Aatmanirbhar Gujarat Scheme for assistance to MSMEs: Net SGST reimbursement to Micro, Small and Medium Manufacturing Enterprise (MSMEs):",ANY,ANY,No cap / not found,Not found,No,No,"manufacturing, trading, MSME"
Aatmanirbhar Gujarat Scheme for assistance to MSMEs: Rehabilitation of Sick Enterprise,ANY,ANY,No cap / not found,Not found,No,No,"manufacturing, trading, MSME"
Advance Authorisation(AA),ANY,ANY,No cap / not found,Not found,No,No,"handicraft, manufacturing"
Agri-Clinics And Agri-Business Centres Scheme,ANY,ANY,No cap / not found,18-60,No,No,"agriculture, education"
Agricultural Activities for Persons with Disabilities,ANY,ANY,No cap / not found,18-100,Yes,No,ANY
Agriculture Infrastructure Fund,"SC, ST",female,No cap / not found,Not found,No,No,ANY
Annal Ambedkar Business Champions Scheme,"SC, ST",ANY,No cap / not found,Not found,No,No,"manufacturing, trading, services, startup, education"
Artisan Promotion,Minority,ANY,No cap / not found,Not found,No,No,"handicraft, MSME"
Artisan Technology Upgradation & Professional Modernisation Scheme (ATPM),ANY,female,No cap / not found,18-65,No,No,"Technology Upgradation, Artisans, Handlooms, Modernisation, Professional Training, Equipment Support"
Arunachal Pradesh Entrepreneurship Challenge,ANY,ANY,No cap / not found,18-100,No,No,"MSME, startup"
Asangathit Karmakaar Silai Machine Sahayata Yojana,"General, OBC, SC, ST",female,No cap / not found,18-50,No,No,"Tailoring, Garment Manufacturing, Handicrafts, Textiling, Micro-enterprise, Self-Employment"
Assistance Scheme for Handicraft Artisans,General,ANY,No cap / not found,Not found,No,No,handicraft
"Assistance Scheme for Innovation, Incubation and MSMEs (ASIIM)",ANY,female,"₹5,000,000",18-65,No,No,"Innovation, Startups, MSME Support, Incubation, Technology Development, Entrepreneurship"
Assistance Towards Expenses Incurred for Raising of Funds through NSE’s/ BSE’s SME Exchange Platform,ANY,ANY,No cap / not found,Not found,No,No,"manufacturing, services, MSME"
Assistance for Digitization of Business Processes and Adoption of eCommerce,ANY,ANY,No cap / not found,Not found,No,No,MSME
Assistance for Quality Enhancement,ANY,ANY,No cap / not found,Not found,No,No,MSME
Assistance to Traditional Pottery Makers,ANY,ANY,"₹100,000",Not found,No,No,ANY
Assistance to Training Institutions Scheme,ANY,ANY,No cap / not found,Not found,No,No,"services, MSME"
Ayushman Arogya / Assistance Scheme (AA),ANY,female,No cap / not found,0-100,No,No,"Healthcare, Health Insurance, Medical Assistance, Ayushman Bharat, Welfare"
Ayushman Bharat Pradhan Mantri Jan Arogya Yojana (AB-PMJAY),ANY,female,"₹500,000",0-100,No,No,"Health Insurance, Medical Treatment, Healthcare, Hospitalization, Social Security"
Babu Jagjivan Ram Chhatrawas Yojana (BGCRS),SC,female,"₹250,000",14-30,No,No,"SC Welfare, Hostel Construction, Student Welfare, Education Support, Social Justice"
Back Ended Interest Subsidy (BEIS),ANY,ANY,No cap / not found,Not found,No,No,MSME
Backward Classes & Social Pension Support Scheme (BSP),EWS,female,"₹500,000,000",60-90,Yes,No,"Social Pension, Backward Classes, Senior Citizens, Financial Support, Welfare, Social Security"
Backward Classes & Weaker Sections Skill Growth & Development Corporation Scheme (SSSGBCDC),EWS,female,No cap / not found,18-60,No,No,"Backward Classes, Skill Development, Concessional Loans, Financial Assistance, Social Justice, Welfare"
"Banglashree for Micro, Small and Medium Enterprises: Interest Subsidy on Term Loan (IS)",ANY,ANY,No cap / not found,Not found,No,No,manufacturing
"Banglashree for Micro, Small and Medium Enterprises: Power Subsidy (PS)",ANY,ANY,No cap / not found,Not found,No,No,manufacturing
"Banglashree for Micro, Small and Medium Enterprises: State Capital Investment Subsidy (CIS)",ANY,ANY,No cap / not found,Not found,No,No,manufacturing
"Banglashree for Micro, Small and Medium Enterprises: Subsidy for Energy Efficiency (EES)",ANY,ANY,No cap / not found,Not found,No,No,manufacturing
"Banglashree for Micro, Small and Medium Enterprises: Subsidy for Patent Registration (PRS)",ANY,ANY,No cap / not found,Not found,No,No,manufacturing
"Banglashree for Micro, Small and Medium Enterprises: Subsidy for Standard Quality Compliance (SCCS)",ANY,ANY,No cap / not found,Not found,No,No,manufacturing
"Banglashree for Micro, Small and Medium Enterprises: Subsidy for State Goods and Services Tax (SGST)",ANY,ANY,No cap / not found,Not found,No,No,manufacturing
"Banglashree for Micro, Small and Medium Enterprises: Subsidy for Water Conservation/Environment Compliance (WCS)",ANY,ANY,No cap / not found,Not found,No,No,manufacturing
"Banglashree for Micro, Small and Medium Enterprises: Subsidy for Work Force Welfare Assistance (WWAS)",ANY,ANY,No cap / not found,Not found,No,No,manufacturing
"Banglashree for Micro, Small and Medium Enterprises: Subsidy on Stamp Duty and Registration Fee (SDRFS)",ANY,ANY,No cap / not found,Not found,No,No,manufacturing
Bank Guarantee Charges Reimbursement Scheme,ANY,ANY,No cap / not found,Not found,No,No,ANY
Bank Loan Processing Fee Reimbursement Scheme,ANY,ANY,No cap / not found,Not found,No,No,ANY
Barbershop Renovation Grant,ANY,ANY,"₹100,000",Oct-15,Yes,Yes,"trading, services"
Bharatiya Nirdeshak Dravya (BND) / Reference Standard Production & Promotion Scheme (BNPFRS),ANY,female,"₹50,000,000",18-70,No,No,"Reference Standards, Quality Assurance, Scientific Research, Measurement Standards, Industrial Testing, CSIR-NPL"
Bhargava Matching Scheme,ANY,ANY,No cap / not found,Not found,No,No,ANY
Big Loan Scheme,Minority,ANY,No cap / not found,18-50,No,No,manufacturing
Bihar Startup Policy,ANY,ANY,No cap / not found,Not found,No,No,"services, startup"
Biotechnology Ignition Grant (BIG),ANY,female,"₹5,000,000",18-65,No,No,"Biotechnology, Healthcare, Agriculture, Startups, R&D, Innovation, Grant"
Biotechnology Ignition Grant Scheme,ANY,ANY,No cap / not found,Not found,No,No,"services, startup, education"
Biotechnology Young Entrepreneur Award,ANY,ANY,No cap / not found,Not found,No,No,education
Biponi Scheme,ANY,ANY,No cap / not found,Not found,No,Yes,education
Building Awareness on Intellectual Property Rights (IPR) for MSME Scheme,ANY,female,No cap / not found,18-70,No,No,"Intellectual Property Rights, Patents, Trademarks, MSME Support, Innovation, Legal Assistance"
Bunkar / Artisan Professional Support & Pension Scheme (BPS),ANY,female,No cap / not found,18-70,No,No,"Handlooms, Artisans, Professional Support, Pension Scheme, Welfare, Craftspersons"
CHIEF MINISTER  EMPLOYMENT GENERATION  PROGRAMME (CMEGP),"SC, ST",female,No cap / not found,Not found,Yes,No,education
Campus Recruitment Assistance Scheme,ANY,ANY,No cap / not found,Not found,No,No,education
Capacity Building for Service Sector Scheme (CBSSC-TL),ANY,female,No cap / not found,18-65,No,No,"Service Sector, Capacity Building, MSME Support, Skill Upgradation, Enterprise Growth"
Capital Contribution Scheme (Goa),ANY,female,No cap / not found,3-100,No,No,trading
Capital Investment Subsidy Scheme,ANY,ANY,No cap / not found,Not found,No,No,ANY
Capital Investment Subsidy Scheme for Goan Diaspora,ANY,ANY,No cap / not found,Not found,No,No,ANY
"Capital Investment Subsidy: Thrust Area Industries"" under ""Motivation of Entrepreneurs to Start Industries and Fiscal Assistance to Industries""",ANY,ANY,No cap / not found,Not found,No,No,ANY
Capital Subsidy,ANY,ANY,No cap / not found,Not found,No,No,"manufacturing, healthcare"
Central Assistance For One Time Settlement Of Displaced Families From PoK And Chhamb Under Prime Minister's Development Package,ANY,ANY,No cap / not found,Not found,No,No,ANY
Central Innovation & Skill Entrepreneurship National Technology Support Scheme for Handlooms & Crafts (CISENDTSHCNHR),ANY,female,No cap / not found,18-60,No,No,"Handlooms, Crafts, Innovation, Technology Support, Skill Development, Entrepreneurship"
"Central Innovation, Skill & Entrepreneurship National Rural Welfare & Craft Scheme (CISENRWC)",ANY,female,No cap / not found,18-60,No,Yes,"Rural Innovation, Skill Development, Entrepreneurship, Craft Welfare, Livelihood Support, National Scheme"
Central Sector Scheme of Free Coaching for SC and OBC Students (CEGSSC),"OBC, SC",female,"₹800,000",18-35,No,No,"Free Coaching, SC Welfare, OBC Welfare, Competitive Exams, Education Support, Student Stipend"
Chanakya Scheme for Swayam Upadhi,ANY,ANY,No cap / not found,Not found,No,No,ANY
Charmashilpa Scheme,ANY,ANY,"₹30,000",Not found,No,No,handicraft
Chief Minister Rural Path Vendor Loan Scheme,ANY,ANY,No cap / not found,Not found,No,Yes,trading
Chief Minister Vocational Training and Skill Upgradation Scheme (CVY-SUMCY),ANY,female,"₹150,000",15-45,No,No,"Skill Development, Vocational Training, Employment, Youth Welfare, Training Grant"
Chief Minister Vocational Youth and Community IT Training Scheme (CVY-CITUS),ANY,female,"₹150,000",16-40,No,No,"Digital Literacy, IT Training, Skill Development, Youth Empowerment, Employment Support"
Chief Minister's Youth Empowerment / Unemployment Allowance / Entrepreneurship Scheme (CUY),ANY,female,No cap / not found,18-45,No,No,"Youth Empowerment, Employment, Skill Training, Entrepreneurship, Financial Allowance"
Chief Minister’s Scheme For Wood Carving Artists,ANY,ANY,No cap / not found,14-25,No,No,"trading, education"
Co-Working Space/ Incubators/ Accelerators Subsidy Scheme,ANY,ANY,No cap / not found,Not found,No,No,startup
Coir Udyami Yojana,ANY,ANY,No cap / not found,18-100,No,No,ANY
Coir Vikas Yojana- Coir Industry Technology Upgradation Scheme,ANY,ANY,No cap / not found,Not found,No,No,MSME
Coir Vikas Yojana- Export Market Promotion Scheme,ANY,ANY,No cap / not found,Not found,No,No,"manufacturing, trading, MSME"
Coir Vikas Yojana-Skill Upgradation and Mahila Coir Yojana,ANY,ANY,No cap / not found,Not found,No,No,ANY
Composite Loan Scheme,Minority,ANY,"₹120,000",18-50,Yes,No,ANY
Comprehensive Handloom Cluster Development Scheme (CHCDP),ANY,female,"₹700,000,000",18-70,No,No,"Handlooms, Textiles, Cluster Development, Weavers Support, Infrastructure Grant, Artisan Empowerment"
Consortia & Tender Marketing Scheme,ANY,ANY,No cap / not found,Not found,No,No,ANY
Creation of Modern Facilities in Market Committee: Scheme to provide assistance foe setting up modern facilities in Market Committee,ANY,ANY,No cap / not found,Not found,No,No,ANY
Credit Based Schemes For SC - Aajeevika Micro-Finance Yojana (Livelihood Microfinance Scheme),ANY,ANY,No cap / not found,Not found,No,No,ANY
Credit Based Schemes For SC - Term Loan (TL),ANY,ANY,No cap / not found,Not found,No,No,ANY
Credit Enhancement Guarantee Scheme For The Scheduled Castes,SC,ANY,No cap / not found,Not found,No,No,"manufacturing, services, startup"
Credit Linked Capital Subsidy and Technology Upgradation Scheme (CLCS-TUS) / Competent Technology & Manufacturing Scheme (CTMS),ANY,female,No cap / not found,18-70,No,No,"MSME, Technology Upgradation, Capital Subsidy, Credit Linked, Manufacturing Support, Industrial Growth"
DAY-NULM Self Help Group Bank Linkage & Revolving Fund (Uttarakhand),"Minority, OBC, SC, ST",female,No cap / not found,18-60,No,No,"Urban Poverty Alleviation, Self-Help Groups, Microfinance, Women Empowerment, Livelihoods"
Dairy Farming Scheme (HSFDC),ANY,ANY,"₹180,000",Not found,No,No,ANY
Dalit Bandhu,SC,ANY,No cap / not found,Not found,No,No,"agriculture, education"
Dalit Bandhu Welfare & Empowerment Scheme,SC,female,No cap / not found,21-60,No,No,"Dalit Bandhu, Scheduled Caste Welfare, Economic Empowerment, Financial Assistance, Livelihood Grant"
Deen Dayal Upadhyaya Bunkar Yojana,ANY,female,No cap / not found,Not found,No,No,handicraft
Design Scheme Under MSME Innovative Scheme,ANY,ANY,No cap / not found,Not found,No,No,MSME
Dilli Swarojgar Yojna,Minority,ANY,"₹200,000",18-50,No,No,handicraft
Direct Loan Scheme Karnataka,ANY,ANY,"₹30,000",Not found,No,No,handicraft
Direct Loans For Business Enterprise,Minority,ANY,No cap / not found,18-55,No,No,ANY
Distribution of Sewing Machines at Free of Cost,ANY,ANY,"₹40,000",20-45,No,No,ANY
"District Central Cooperative Banks and through its Branches: For Professional Loan to Doctors, Engineers and Self Employed Professional",ANY,ANY,No cap / not found,Not found,No,No,ANY
"District Central Cooperative Banks and through its Branches: For Revamped Micro Credit Loan for Women Vendors of Flower, Vegetable, Fruit etc.",ANY,female,No cap / not found,Not found,No,No,ANY
Divyangjan & Student Youth Welfare Scheme (DSY),ANY,female,No cap / not found,16-35,Yes,No,"Divyangjan, Student Welfare, Youth Development, Skill Training, Financial Assistance, Education"
Dr. Ambedkar Backward Classes & Divyangjan Kalyan Yojana (DBAKY),EWS,female,No cap / not found,18-65,Yes,No,"Backward Classes, Divyangjan Welfare, Dr. Ambedkar Schemes, Financial Assistance, Livelihood, Social Justice"
Dr. Bhimrao Ambedkar Aarthik Kalyan Yojana,ANY,ANY,No cap / not found,18-55,No,No,ANY
Dr.Babasaheb Ambedkar Udyog Uday Yojana: Assistance for Interest Subsidy (Manufacturing Sector),"SC, ST",ANY,No cap / not found,Not found,No,No,manufacturing
Dr.Babasaheb Ambedkar Udyog Uday Yojana: Assistance for Interest Subsidy (Service Sector),"SC, ST",ANY,No cap / not found,Not found,No,No,"manufacturing, services"
Dr.Babasaheb Ambedkar Udyog Uday Yojana: Assistance for Power Connection Charges,"SC, ST",ANY,No cap / not found,Not found,No,No,services
Dr.Babasaheb Ambedkar Udyog Uday Yojana: Assistance for Quality Certification,"SC, ST",ANY,No cap / not found,Not found,No,No,ANY
Dr.Babasaheb Ambedkar Udyog Uday Yojana: Assistance for Raising Capital through SME Exchange,"SC, ST",ANY,No cap / not found,Not found,No,No,ANY
Dr.Babasaheb Ambedkar Udyog Uday Yojana: Assistance for Technology Acquisition,"SC, ST",ANY,No cap / not found,Not found,No,No,"manufacturing, MSME"
Dr.Babasaheb Ambedkar Udyog Uday Yojana: Assistance in Implementation of Information and Communication Technology (ICT),"SC, ST",ANY,No cap / not found,Not found,No,No,ANY
Dr.Babasaheb Ambedkar Udyog Uday Yojana: Assistance in Rent to MSEs,"SC, ST",ANY,No cap / not found,Not found,No,No,manufacturing
Dr.Babasaheb Ambedkar Udyog Uday Yojana: Assistance of Capital Investment Subsidy,"SC, ST",ANY,No cap / not found,Not found,No,No,manufacturing
Dr.Babasaheb Ambedkar Udyog Uday Yojana: Assistance to GIDC for Developing Multi-Storied Shed in Estates,"SC, ST",ANY,No cap / not found,Not found,No,No,"manufacturing, trading, services"
Dr.Babasaheb Ambedkar Udyog Uday Yojana: Assistance to MSEs for Shed Developed by Private Developer,"SC, ST",ANY,No cap / not found,Not found,No,No,ANY
Dr.Babasaheb Ambedkar Udyog Uday Yojana: Assistance to MSME Manufacturing Sector Participation in the Exhibition (National and International),"SC, ST",ANY,No cap / not found,Not found,No,No,"manufacturing, trading, MSME"
Dr.Babasaheb Ambedkar Udyog Uday Yojana: Assistance to Micro and Small Enterprises (MSE) of SC/ST for Plot Developed by GIDC,"SC, ST",ANY,No cap / not found,Not found,No,No,ANY
Dr.Babasaheb Ambedkar Udyog Uday Yojana: Assistance to Special Entrepreneurship Degree Approach Training with 360 Promoters/ with Mentoring Support and Sustenance Allowance for Entrepreneurs,"SC, ST",ANY,No cap / not found,18-100,No,No,ANY
"Dr.Babasaheb Ambedkar Udyog Uday Yojana: Assistance to basic industrial infrastructure (Water, Gas and Approach Road)","SC, ST",ANY,No cap / not found,Not found,No,No,ANY
Dr.Babasaheb Ambedkar Udyog Uday Yojana: Financial Support to MSMEs in ZED Certification,"SC, ST",ANY,No cap / not found,Not found,No,No,"manufacturing, MSME"
E-Thela Sahaayata Yojana,ANY,ANY,No cap / not found,Not found,No,No,healthcare
Economic Development Scheme for ST & Women in STEM (EDSC-ST-WISTEM),ST,female,No cap / not found,18-45,No,No,"Women in STEM, Tribal Development, Higher Education, Research Grants, Innovation, Fellowships"
Electronics Manufacturing Clusters 2.0 (EMC 2.0) Scheme / Financial Support for EMC Infrastructure,ANY,female,No cap / not found,18-70,No,No,"Electronics Manufacturing, Industrial Infrastructure, Cluster Development, MeitY, Technology Growth"
Employment Subsidy Scheme (ESS 2017),ANY,female,No cap / not found,Not found,No,No,"Industrial Development, Employment Generation, Wage Subsidy, Manufacturing, Skill Development"
Endeavour To Empower-Skill Development,ANY,female,No cap / not found,Not found,No,No,"trading, education"
Energy Efficient Buildings and Disaster Relief / Rehabilitation Programme (EEBDRP),ANY,female,"₹500,000",18-70,No,No,"Energy Efficiency, Disaster Relief, Rehabilitation, Building Retrofitting, Financial Assistance"
Entrepreneur Support Scheme,General,ANY,No cap / not found,Not found,No,No,"manufacturing, MSME, healthcare"
Entrepreneurship Development by SC & ST Women in Science Technology Engineering Mathematics,"SC, ST",female,No cap / not found,Not found,No,No,ANY
Entrepreneurship Readiness Scheme (ERS),ANY,female,No cap / not found,18-45,No,No,"Entrepreneurship, Skill Development, Startup Training, Capacity Building, Business Mentorship"
Entrepreneurship and Skill Development Programme,"SC, ST",female,No cap / not found,18-100,Yes,No,ANY
Export Promotion Capital Goods (EPCG) Scheme,ANY,female,"₹100,000,000",18-65,No,No,"Export Promotion, Capital Goods, Duty Exemption, Foreign Trade, Manufacturing, MSME Support"
Export Promotion Council Membership Reimbursement Scheme for Scheduled Caste/Scheduled Tribe,"SC, ST",ANY,No cap / not found,Not found,No,No,ANY
Fast Track / Fisheries / Foreign Fellowship Scheme (FFS),ANY,female,"₹600,000",18-40,No,No,"Fellowship, Higher Education, Research, Fisheries Development, Scholarship, Student Support"
Financial Assistance To Disabled For Self Employment,ANY,ANY,"₹100,000",18-50,Yes,No,ANY
Financial Assistance To Ex-Convicts,General,female,No cap / not found,Not found,No,No,"Small Business, Self-Employment, Income-Generating Activities, Micro-enterprise"
Financial Assistance to Industrial Parks: Assistance on Fixed Capital Investment,ANY,ANY,No cap / not found,Not found,No,No,ANY
Financial Assistance to Industrial Parks: Infrastructure Facilities,ANY,ANY,No cap / not found,Not found,No,No,ANY
Financial Assistance to Industrial Parks: Stamp Duty,ANY,ANY,No cap / not found,Not found,No,No,ANY
Financial Assistance to Non Governmental Organisations,ANY,ANY,No cap / not found,Not found,Yes,No,ANY
Flexi-MoU Scheme for Skill Training / Vocational Training,ANY,female,"₹500,000,000",15-45,No,No,"Skill Development, Vocational Training, Employment, Industry Partnership, MSDE, DGT"
"Futkar Sabji, Phal-Phool Vikreta Hetu Taraju, Baat Evan Tokari Sahaayata Yojana",ANY,ANY,No cap / not found,18-100,No,No,ANY
GROUP WORKSHED SCHEME,ANY,ANY,No cap / not found,Not found,No,No,handicraft
Gadiya Lohar Raw Material Purchase Grant-in-aid Scheme,ANY,ANY,No cap / not found,Not found,No,No,ANY
Gatidhara Scheme,"OBC, SC, ST",female,"₹300,000",25-45,No,No,"Commercial Transport, Transport Service, Small Commercial Vehicle, Logistics"
Generator Subsidy,ANY,ANY,No cap / not found,Not found,No,No,"manufacturing, MSME"
"Goa (Technical/ Vocational Training To Sex Workers And Sexually Abused Women) Scheme, 2013 (PRABHAT)",ANY,female,No cap / not found,Not found,No,No,ANY
"Goa State Employment Subsidy Scheme for the Industries, 2008",ANY,female,No cap / not found,Not found,No,No,"manufacturing, trading"
"Goa State Export Market Development Scheme, 2008",ANY,ANY,No cap / not found,Not found,No,No,trading
"Goa State Financial Incentives to the Industries for Certification and Patenting Scheme, 2008",ANY,ANY,No cap / not found,Not found,No,No,"trading, services, education, healthcare"
Grant for Incubation Centers within Educational Institutes Scheme,ANY,ANY,No cap / not found,Not found,No,No,education
Grant of Quality Certification Reimbursement of Charges,ANY,ANY,No cap / not found,Not found,No,No,MSME
Grant-in-Aid Scheme To Provide Financial Assistance To The Mahila Mandals/ Women’s Self-help Groups (SWAWLAMBHAN),ANY,female,No cap / not found,Not found,No,No,ANY
Group Supply Of Goats And Sheep,ANY,ANY,No cap / not found,Not found,No,No,ANY
Gujarat Textile Policy: Assistance for Quality Certification,ANY,ANY,No cap / not found,Not found,No,No,ANY
Gujarat Textile Policy: Assistance for Saving in Consumption of Energy and Water,ANY,ANY,No cap / not found,Not found,No,No,ANY
Gujarat Textile Policy: Assistance for Technology Acquisition,ANY,ANY,No cap / not found,Not found,No,No,ANY
Gujarat Textile Policy: Assistance to SHG for Job Work,ANY,female,No cap / not found,Not found,No,No,ANY
Gujarat Textile Policy: Assistance to SHG for Job Work (Fiscal Incentives to Labour Intensive Unit),ANY,female,No cap / not found,Not found,No,No,ANY
Gujarat Textile Policy: Capital Subsidy,ANY,ANY,No cap / not found,Not found,No,No,manufacturing
Gujarat Textile Policy: Capital Subsidy (Fiscal Incentives to Labour Intensive Unit),ANY,female,No cap / not found,Not found,No,No,manufacturing
Gujarat Textile Policy: Interest Subsidy,ANY,ANY,No cap / not found,Not found,No,No,manufacturing
Gujarat Textile Policy: Interest Subsidy (Fiscal Incentives to Labour Intensive Unit),ANY,female,No cap / not found,Not found,No,No,manufacturing
Gujarat Textile Policy: Payroll Assistance,ANY,ANY,No cap / not found,Not found,No,No,ANY
Gujarat Textile Policy: Payroll Assistance (Fiscal Incentives to Labour Intensive Unit),ANY,ANY,No cap / not found,Not found,No,No,ANY
Gujarat Textile Policy: Power Tariff Subsidy,ANY,ANY,No cap / not found,Not found,No,No,manufacturing
Gujarat Textile Policy: Power Tariff Subsidy (Fiscal Incentives to Labour Intensive Unit),ANY,female,No cap / not found,Not found,No,No,manufacturing
Handicraft & Handloom Cluster Comprehensive Credit & Credit Guarantee Scheme (SCMHCHCCCG),ANY,female,No cap / not found,18-70,No,No,"Handicrafts, Handlooms, Credit Guarantee, Financial Assistance, Artisan Support, Cluster Development"
Handicraft Mela Participation,"General, OBC, SC, ST",female,No cap / not found,18-100,No,No,"Handicrafts, Cottage & Rural Industries, Traditional Crafts, Self-Employment, Artisans Market Access"
Handicrafts Export Award,ANY,ANY,No cap / not found,Not found,No,No,"handicraft, manufacturing"
Handloom Weaver Support & Student Scholarship Scheme (HSS),ANY,female,No cap / not found,16-30,No,No,"Handloom Weavers, Student Scholarship, Education Support, Welfare, Artisan Assistance"
Haryana Provision of Sports Equipment Scheme,ANY,ANY,No cap / not found,Not found,No,No,ANY
Hathkargha Samvardhan Sahayata,ANY,ANY,No cap / not found,Not found,No,No,handicraft
High Security Fish Egg Production and Quality Infrastructure Scheme,ANY,female,"₹10,000,000",18-65,No,No,"Fisheries, Aquaculture, Fish Seed Production, Quality Infrastructure, Agricultural Development"
Him Kukkut Palan Yojna,"General, SC, ST",ANY,No cap / not found,Not found,Yes,No,agriculture
Incentive Scheme for MSMEs in Powerloom Sector: Interest Subsidy on Term Loan,ANY,ANY,No cap / not found,Not found,No,No,MSME
Incentive Scheme for MSMEs in Powerloom Sector: State Capital Investment Subsidy,ANY,ANY,No cap / not found,Not found,No,No,MSME
Incentive Scheme for MSMEs in Powerloom Sector: Subsidy for Energy Efficiency,ANY,ANY,No cap / not found,Not found,No,No,MSME
Incentive Scheme for MSMEs in Powerloom Sector: Subsidy for Patent Registration,ANY,ANY,No cap / not found,Not found,No,No,MSME
Incentive Scheme for MSMEs in Powerloom Sector: Subsidy for Standard Quality Compliance,ANY,ANY,No cap / not found,Not found,No,No,MSME
Incentive Scheme for MSMEs in Powerloom Sector: Subsidy for State Goods and Services Tax (SGST),ANY,ANY,No cap / not found,Not found,No,No,MSME
Incentive Scheme for MSMEs in Powerloom Sector: Subsidy for Water Conservation/ Environment Compliance,ANY,ANY,No cap / not found,Not found,No,No,MSME
Incentive Scheme for MSMEs in Powerloom Sector: Subsidy on Stamp Duty and Registration Fees,ANY,ANY,No cap / not found,Not found,No,No,MSME
Incentive Scheme for MSMEs in Powerloom Sector: Waiver of Electricity Duty,ANY,ANY,No cap / not found,Not found,No,No,MSME
Incentive Scheme for MSMEs in Powerloom Sector: Work Force Welfare Assistance,ANY,ANY,No cap / not found,Not found,No,No,MSME
Incentive Scheme for Sericulture Reelers,Minority,ANY,"₹600,000",18-55,No,No,education
"Incentives to Encourage Consumption of Local Raw Material Scheme, 2008",ANY,ANY,No cap / not found,Not found,No,No,"agriculture, manufacturing, trading"
"Incentives to Women Entrepreneurs Scheme, 2008",ANY,female,No cap / not found,Not found,No,No,services
Incentives/Subsidies for Setting Up Micro Food Processing Units,ANY,female,No cap / not found,18-60,No,No,"Food Processing, Micro Enterprise, Capital Subsidy, Manufacturing"
Incubation Scheme,ANY,ANY,No cap / not found,Not found,No,No,"MSME, startup"
Indian Scheme for Advanced Research and Education (ICARE),ANY,female,No cap / not found,18-40,No,No,"Higher Education, Research, Fellowship, Academic Development, Science and Technology"
Industrial Promotion Subsidy (IPS),ANY,female,No cap / not found,18-65,No,No,"Industrial Promotion, Tax Exemption, Capital Subsidy, Manufacturing, MSME"
Industrial R&D Promotion Programme: Recognition Of In-House R&D Units,ANY,ANY,No cap / not found,Not found,No,No,"manufacturing, services, startup"
Industrial Sector Scheme (HSFDC),ANY,ANY,"₹180,000",Not found,No,No,ANY
"Infrastructure Promotion, Skill & Financial Training Support for Micro Vendors & Urban Enterprises (IPSFTSVMU)",ANY,female,No cap / not found,18-65,No,No,"Urban Vendors, Micro Enterprises, Skill Training, Financial Support, Infrastructure Promotion, Welfare"
Innovations for Defence Excellence,ANY,ANY,No cap / not found,Not found,No,No,"MSME, startup"
Innovations for Defence Excellence (iDEX),ANY,female,"₹150,000,000",18-65,No,No,"Defence Innovation, Startups, R&D, Technology Development, Aatmanirbhar Bharat, Defence Production"
Integrated Scheme for Export Promotion & Quality Improvement in Spices and Research and Development of Cardamom: Export Oriented Production: Large Cardamom Certified Nursery (Unit),ANY,ANY,No cap / not found,Not found,No,No,agriculture
Intellectual Property Right Scheme Under MSME Innovative Scheme,ANY,ANY,No cap / not found,Not found,No,No,MSME
Intellectual Property Rights (IPR) Reimbursement Scheme,ANY,ANY,No cap / not found,Not found,No,No,"services, startup"
Interest Equalization / Promotion Scheme for Enterprises (IEPLSS),ANY,female,No cap / not found,Not found,No,No,"Industrial Development, Financial Assistance, Interest Subvention, Credit Support, Manufacturing"
Interest Subsidy Reimbursement Scheme,ANY,ANY,No cap / not found,Not found,No,No,startup
Interest Subsidy Scheme / Interest Subvention Scheme (IS),ANY,female,"₹1,000,000",18-70,No,No,"Financial Assistance, Interest Subsidy, Loan Concession, Banking, Priority Sector"
Interest Subsidy Scheme for Scheduled Caste/Scheduled Tribe Entrepreneurs,"SC, ST",ANY,No cap / not found,Not found,No,No,ANY
Interest Subsidy Scheme for Smaller Business Units,ANY,ANY,No cap / not found,Not found,No,No,ANY
"Interest Subsidy Scheme, 2008",ANY,ANY,No cap / not found,Not found,No,No,trading
Interest Subvention Scheme,ANY,ANY,No cap / not found,Not found,No,No,ANY
Interest Subvention and Market Development Assistance Scheme (ICS-MDA),ANY,female,"₹5,000,000",18-65,No,No,"Market Development, Export Promotion, Interest Subvention, MSME Support, Financial Assistance"
International Cooperation Scheme- Capacity Building of First Time MSE Exporters,ANY,ANY,No cap / not found,Not found,No,No,ANY
International Cooperation Scheme- Market Development Assistance,"SC, ST",female,No cap / not found,Not found,No,No,MSME
Internet Subsidy Scheme,ANY,ANY,No cap / not found,Not found,No,No,ANY
Investment Promotion Scheme (IPS) For Cottage Industries: Financial Assistance To Cottage Industries,ANY,ANY,No cap / not found,18-100,No,No,handicraft
Investment Promotion Scheme (IPS) For Handicraft Artisans: Assistance For Capital Investment For The Handloom And Handicrafts Artisans Of The U.T. Requiring Financial Assistance For Purchase Of Machinery Or Raw Materials,ANY,ANY,No cap / not found,18-100,No,No,handicraft
Investment Promotion Scheme (IPS) For Handicraft Artisans: Assistance For Capital Investment To Uplift The Economic Condition Of Artisans/ Persons,"EWS, OBC, SC, ST",ANY,"₹200,000",18-100,No,No,handicraft
Investment Promotion Scheme (IPS) for MSME Sector: Assistance For Capital Investment In Solar Power Generation,ANY,ANY,No cap / not found,Not found,No,No,"manufacturing, services, MSME"
Investment Promotion Scheme (IPS) for MSME Sector: Assistance For Entrepreneurship Under Skill Development,ANY,ANY,No cap / not found,Not found,No,No,"manufacturing, services, MSME"
Investment Promotion Scheme (IPS) for MSME Sector: Assistance For Participation In Industrial Exhibitions Abroad,ANY,ANY,No cap / not found,Not found,No,No,"manufacturing, services, MSME"
Investment Promotion Scheme (IPS) for MSME Sector: Assistance For Patent Registration /Trade Mark Registration,ANY,ANY,No cap / not found,Not found,No,No,"manufacturing, trading, services, MSME"
Investment Promotion Scheme (IPS) for MSME Sector: Assistance For Quality Certification,ANY,ANY,No cap / not found,Not found,No,No,"manufacturing, services, MSME"
Investment Promotion Scheme (IPS) for MSME Sector: Assistance For Saving In Consumption Of Energy And Water,ANY,ANY,No cap / not found,Not found,No,No,"manufacturing, services, MSME"
Investment Promotion Scheme (IPS) for MSME Sector: Assistance For Zed Certification,ANY,ANY,No cap / not found,Not found,No,No,"manufacturing, services, MSME"
Investment Promotion Scheme (IPS) for MSME Sector: Assistance To Small And Medium Enterprises (SME) For Raising Of Capital Through SME Exchange,ANY,ANY,No cap / not found,Not found,No,No,"manufacturing, services, MSME"
Investment Promotion Scheme (IPS) for MSME Sector: Assistance of Fixed Capital Investment Subsidy,ANY,ANY,No cap / not found,Not found,No,No,"manufacturing, services, MSME"
Investment Promotion Scheme (IPS) for MSME Sector: Assistance of Interest Subsidy,ANY,ANY,No cap / not found,Not found,No,No,"manufacturing, services, MSME"
Investment Promotion Scheme (IPS) for MSME Sector: Awards For MSMEs,ANY,ANY,No cap / not found,Not found,No,No,"manufacturing, services, MSME"
Investment Promotion Scheme (IPS) for MSME Sector: Incentive For Local Employment,ANY,ANY,No cap / not found,18-100,No,No,"manufacturing, services, MSME"
Investment Promotion Scheme (IPS) for MSME Sector: Incentives For Doubling Of Export Values,ANY,ANY,No cap / not found,Not found,No,No,"manufacturing, services, MSME"
Investment Promotion Scheme (IPS) for MSME Sector: Reimbursement Of Free On Board (FOB) Expenses,ANY,ANY,No cap / not found,Not found,No,No,"manufacturing, services, MSME"
Investment Promotion Scheme (IPS) for Textile Sector: Assistance Of Interest Subsidy For Textile Sector,ANY,ANY,No cap / not found,Not found,No,No,"manufacturing, services, MSME"
Investment Promotion Scheme (IPS) for Thrust Sectors: Assistance For Furniture Sector,ANY,ANY,No cap / not found,Not found,No,No,"manufacturing, services, MSME"
"Investment Promotion Scheme (IPS) for Thrust Sectors: Assistance For Marble, IT & ITES, Electric Vehicles & Spare Parts, Toys Units And Semi-Conduct or Industries Sectors",ANY,ANY,No cap / not found,Not found,No,No,"manufacturing, services, MSME"
Investment Promotion Scheme (IPS) for Thrust Sectors: Scheme For Food Processing Industries,ANY,ANY,No cap / not found,Not found,No,No,"manufacturing, services, MSME"
Investment Promotion Scheme (IPS) for Thrust Sectors: Scheme For Marine Products Processing Units,ANY,ANY,No cap / not found,Not found,No,No,"manufacturing, services, MSME"
"Investment Promotion Scheme (IPS) for Thrust Sectors: Scheme For Medical Equipment And Accessories, Medical Diagnostics And Ayush Products Manufacturing Units",ANY,ANY,No cap / not found,Not found,No,No,"manufacturing, services, MSME"
Investment Promotion Scheme (IPS) for Thrust Sectors: Scheme For Vaccine Manufacturing Units,ANY,ANY,No cap / not found,Not found,No,No,"manufacturing, services, MSME"
Investment Promotion Scheme (IPS): Environment Protection Infrastructure Subsidy,ANY,ANY,No cap / not found,Not found,No,No,"manufacturing, services, MSME"
Investment Promotion Scheme (IPS): Scheme For Reimbursement Of Stamp Duty,ANY,ANY,No cap / not found,Not found,No,No,"manufacturing, services, MSME"
Jal Jeevan Scheme / Jeevan Dhara Scheme,ANY,female,No cap / not found,18-65,No,No,"Rural Development, Drinking Water, Irrigation, Infrastructure, Public Health"
Jeevanam Self-Employment Scheme To Dependents Of Crime Victims,General,female,"₹100,000",Not found,No,No,"Self-Employment, Small Business, Micro-enterprise, Income-Generating Activities"
Jharkhand Mukhyamantri Gram Gadi Yojana,ANY,ANY,No cap / not found,Not found,No,Yes,healthcare
Jhota Buggi/Camel/Mule Cart Scheme (HSFDC),ANY,ANY,"₹180,000",Not found,No,No,ANY
Junior Doctor and Research Contributory Support Scheme (JDRCS),ANY,female,No cap / not found,21-40,No,No,"Healthcare, Medical Research, Junior Doctor Support, Academic Fellowship, Health Welfare"
Kaimagga Vikasa Yojana - Karnataka,ANY,female,No cap / not found,Not found,No,No,handicraft
Kayaka Spoorthi Scheme Karnataka,ANY,female,"₹30,000",Not found,No,No,handicraft
Kerala Stressed MSMEs Revival & Rehabilitation Scheme,ANY,ANY,No cap / not found,Not found,No,No,"manufacturing, MSME"
Khadi Karigar Janashree Bima Yojana,ANY,ANY,No cap / not found,18-59,No,No,handicraft
Kisan Kalyan / Krishi Jeevan Jyoti / Kanti Velugu / Kishori Shakti Yojana (KKJBY),ANY,female,"₹200,000",18-60,No,Yes,"Farmer Welfare, Rural Development, Social Security, Financial Assistance, Insurance"
LIDCOM Gattai Stall Scheme,ANY,female,"₹100,000",18-50,No,No,"Leatherwork, Cobbling, Footwear Repair, Small Retail Stall"
LIDCOM Training Scheme,ANY,ANY,"₹100,000",18-50,No,No,education
Laghu Varap Sanch Yojana (LVSH),"General, SC, ST",female,No cap / not found,Not found,No,No,"Animal Husbandry, Goat & Sheep Rearing, Poultry Farming, Livestock Management, Small Enterprise"
Laghu Vyavassay Scheme,ANY,ANY,"₹150,000",18-45,No,No,ANY
Lal Bahadur Shastri National Scholarship / Student Support Scheme (LBSSK-SMS),ANY,female,"₹300,000",Oct-30,No,No,"Education, Scholarship, Student Welfare, Merit Support, Financial Assistance"
Lal Bahadur Shastri Skill Development & Youth Yojana (LBSSK-SUY),ANY,female,No cap / not found,15-40,No,No,"Skill Development, Youth Empowerment, Vocational Training, Education, National Welfare"
Land/Built-Up Area Rebate Scheme,ANY,ANY,No cap / not found,Not found,No,No,ANY
"Leadership, Education and Advancement Program for Students (LEAPS)",ANY,female,No cap / not found,16-30,No,No,"Education, Leadership, Skill Development, Student Welfare, Academic Advancement"
Lease Rental Rebate Scheme for Goan Diaspora,ANY,ANY,No cap / not found,Not found,No,No,ANY
Lease Rental Subsidy Scheme,ANY,ANY,No cap / not found,Not found,No,No,ANY
Livelihood Business Support Scheme for Grassroots and Tribal Livelihoods (LBSSF-GTL),ANY,female,"₹300,000",18-60,No,No,"Tribal Welfare, Grassroots Livelihoods, Rural Enterprise, Craft Promotion, Financial Assistance"
Loan Based Schemes For Safai Karamchari - General Term Loan (GTL),ANY,ANY,No cap / not found,Not found,No,Yes,"education, healthcare"
Loan Based Schemes For Safai Karamchari - Sanitary Marts Scheme,ANY,ANY,No cap / not found,Not found,No,Yes,"education, healthcare"
Loan Based Schemes For Safai Karamchari - Swachhta Udyami Yojana – Swachhta Se Sampannta Ki Aur,ANY,ANY,No cap / not found,Not found,No,Yes,"education, healthcare"
Loan for the Purchase of Tools (GBOCWWB),ANY,ANY,No cap / not found,18-60,No,No,services
Long Term-Loan to SC Co-op Spinning Mills under Special Component Plan,ANY,ANY,No cap / not found,Not found,No,No,agriculture
Low Tension Power Tariff (LTPT) Subsidy,ANY,ANY,No cap / not found,Not found,No,No,"manufacturing, services"
MSME Sustainable (ZED) Certification Scheme,ANY,ANY,No cap / not found,Not found,No,No,MSME
Madhugram Scheme Uttarakhand,ANY,ANY,No cap / not found,Not found,No,No,agriculture
Mahila Adhikarita Yojana under NSKFDC- Haryana,ANY,female,No cap / not found,18-55,No,No,"education, healthcare"
Mahila Artisan / Safai Karamchari Financial & Development Scheme (MAYNSKFDC-H),Minority,female,No cap / not found,18-60,No,No,"Safai Karamchari, Artisan Support, Women Empowerment, Concessional Loans, Social Justice, Livelihood"
Mahila Kalyan & Youth Assistance Scheme (MAKY),EWS,female,No cap / not found,18-60,No,No,"Mahila Kalyan, Youth Assistance, Women Empowerment, Vocational Training, Financial Grant, Welfare"
"Mahila Kamgar Kaushal Unnayan Evan Theka Shramik, Hamaal Tatha Ghareloo Mahila Kamgaar Parivar Sashaktikaran Yojana",ANY,female,No cap / not found,Not found,No,No,ANY
Mahila Kisan Yojana,ANY,female,"₹150,000",Not found,No,No,ANY
Mahila Samiriddhi Yojana for Backward Classes- Haryana,"Minority, SC",female,"₹300,000",18-55,No,No,ANY
Mahila Samriddhi Yojana,"OBC, SC, ST",female,No cap / not found,18-55,No,No,ANY
Mahila Samriddhi Yojana (GNTDNT),ANY,female,"₹300,000",21-50,No,No,"Women Empowerment, Micro Finance, Nomadic & Denotified Tribes, Self-Employment, Micro Enterprise"
Mahila Samriddhi Yojana (GTKDC),"OBC, SC",female,"₹150,000",18-55,No,No,"Women Empowerment, Micro Finance, Self-Employment, Small Business, Retail, Cottage Industry"
Mahila Samridhi Yojana under NSKFDC- Haryana,ANY,female,No cap / not found,18-55,No,No,"education, healthcare"
Mahila Swavlamban Scheme,ANY,female,"₹120,000",Not found,No,No,ANY
"Mahila, Ambedkar & Janani Youth Welfare Scheme (MAJAJUY)",EWS,female,No cap / not found,18-60,No,No,"Women Empowerment, Youth Welfare, Livelihood Support, Financial Assistance, Social Justice, Welfare Grant"
Maintenance Grant to Institutions and Organizations Engaged in Cultural Activities,ANY,ANY,No cap / not found,Not found,No,No,ANY
Manav Garima Yojana,ANY,ANY,No cap / not found,18-60,No,No,ANY
Margin Money Scheme for Handloom Artisans (NHDP),"General, OBC, SC, ST",female,No cap / not found,Not found,No,No,"Handloom, Textiles, Artisans, Micro Credit, Financial Assistance, Weaver Support"
Market Development Assistance to MSMEs: Assistance to MSME Manufacturing Sector Participation in the Exhibition (National and International),ANY,ANY,No cap / not found,Not found,No,No,"manufacturing, trading, MSME"
Market Development Assistance to MSMEs: Assistance to Organizers for Organizing Industrial Exhibitions in Gujarat,ANY,ANY,No cap / not found,Not found,No,No,"manufacturing, MSME"
Market Support Scheme for Smaller Business Units,ANY,ANY,No cap / not found,Not found,No,No,ANY
Marketing Assistance Scheme,ANY,ANY,"₹30,000",Not found,No,No,handicraft
Marketing Development Assistance Scheme,ANY,ANY,No cap / not found,Not found,No,No,services
Matching Grant Scheme,ANY,ANY,No cap / not found,Not found,No,No,startup
Micro & Small Enterprises Cluster Development Scheme (MSZCS) / MSME Specialized Cluster Scheme,ANY,female,No cap / not found,18-70,No,No,"MSME, Cluster Development, Common Facility Center, Infrastructure Support, Industrial Growth"
Micro & Small Enterprises Women Welfare & Support Scheme (MSWS),ANY,female,No cap / not found,18-65,No,No,"Women Entrepreneurship, MSME Support, Financial Assistance, Welfare, Women Empowerment, Small Business"
Micro Credit Finance,ANY,ANY,"₹98,000",18-50,No,No,ANY
Micro Credit Finance (NSFDC),ANY,ANY,"₹300,000",Not found,No,No,ANY
Micro Credit Finance Scheme - National Scheduled Castes Finance and Development Corporation (MCFNSFDC),SC,female,"₹300,000",18-60,No,No,"SC Welfare, Micro Credit, Women Empowerment, Self Employment, Financial Assistance"
Micro Credit Finance under NSKFDC- Haryana,ANY,ANY,No cap / not found,18-55,No,No,"education, healthcare"
Micro Finance Scheme- Credit Line 1 for Minority Community,"Minority, SC",ANY,"₹98,000",18-55,No,No,ANY
Micro Finance Scheme- Credit Line 2 for Minority Community,"Minority, SC",ANY,"₹98,001",18-55,No,No,ANY
Migrants Employment Generation Programme,"General, Minority, SC, ST",female,"₹500,000",18-45,Yes,No,"manufacturing, trading, services, education"
Motivation Of Unemployed Persons To Start Self-Employed Enterprises Scheme,ANY,female,No cap / not found,3-100,No,No,education
Motivation of Entrepreneurs and Financial Assistance for Rehabilitation of Sick Industries,ANY,ANY,No cap / not found,Not found,No,No,MSME
Motivation of Unemployed Persons to Start Self-employed Enterprises,ANY,ANY,No cap / not found,3-100,No,No,services
Mukhayamantri Saur Swarojgar Yojna,ANY,female,No cap / not found,18-100,Yes,No,"services, education"
Mukhya Mantri Seekho Kamao Yojana,ANY,ANY,No cap / not found,18-29,No,No,education
Mukhya Mantri Yuva Udyami Yojana,ANY,ANY,No cap / not found,18-40,No,No,ANY
Mukhya mantri Swarojgar Yojana,ANY,ANY,No cap / not found,18-45,No,No,ANY
Mukhyamantri / Modern Minority / Artisan Development and Support Scheme (MMDAS),Minority,female,"₹300,000",18-60,No,No,"Minority Welfare, Artisan Support, Skill Development, Micro-Enterprise, Financial Grant"
Mukhyamantri Aarthik Kalyan Yojana,ANY,ANY,No cap / not found,18-55,No,No,services
Mukhyamantri Alpasankhyak Udyami Yojana,Minority,female,No cap / not found,18-50,No,No,ANY
Mukhyamantri Alpsankhyak Rozgar Rinn Yojana,Minority,female,"₹400,000",18-50,Yes,Yes,"services, education"
Mukhyamantri Anusuchit Jaati Vishesh Pariyojana Vitt Poshan Yojana,SC,ANY,No cap / not found,Not found,No,No,ANY
Mukhyamantri Anusuchit Jati / Anusuchit Janjati Udyami Yojana,"SC, ST",ANY,No cap / not found,18-50,No,No,ANY
Mukhyamantri Ati Pichhada Varg Udyami Yojana,ANY,ANY,No cap / not found,18-50,No,No,ANY
Mukhyamantri Gramin Swarojgar & Vikas Yojana (MGSVRY),ANY,female,No cap / not found,18-60,No,Yes,"Rural Development, Swarojgar, Self Employment, Livelihood Grant, Micro Enterprise, Rural Welfare"
Mukhyamantri Gramin Transport Scheme (MGPSS),"General, OBC, SC, ST",female,No cap / not found,18-60,No,Yes,"Transport Services, Rural Transport, Passenger Mobility, Small Enterprise"
Mukhyamantri Mahila & Yuva Udyami Vikas Yojana / Micro Business Scheme (MMUYB),ANY,female,No cap / not found,18-55,No,No,"Micro Enterprises, Women Empowerment, Youth Entrepreneurship, Business Loan, Subsidy, Livelihood"
Mukhyamantri Mahila Swarojgar Yojana (MMSY),ANY,female,"₹150,000",18-45,No,No,"Women Empowerment, Self-Employment, Rural Livelihoods, Micro Enterprise, Manufacturing, Services"
Mukhyamantri Mahila Udyami Yojana,ANY,female,No cap / not found,18-50,No,No,ANY
Mukhyamantri Nirmaan Majadur Kaushal vikaas evan Parivaar Sashaktikaran Yojana,ANY,ANY,No cap / not found,18-50,No,No,ANY
Mukhyamantri Samekit Chaur Vikas Yojana,ANY,ANY,No cap / not found,Not found,No,No,ANY
Mukhyamantri Vishesh Yogyajan Swaraozgar Yojana,ANY,ANY,"₹200,000",18-55,Yes,No,ANY
Mukhyamantri Yuva Swarojgar Yojana,"OBC, SC, ST",female,No cap / not found,18-35,Yes,No,ANY
Mukhyamantri Yuva Udyami Yojana,General,male,No cap / not found,18-50,No,No,ANY
Mukhyamantri Yuva Udyami Yojana (MAUYB),"General, OBC, SC, ST",female,No cap / not found,18-40,No,No,"Manufacturing, Service Sector, Micro & Small Enterprises, Entrepreneurship"
Mukhyamantri Yuva Udyami Yojana (MMUY),ANY,female,No cap / not found,18-45,No,No,"MSME, Youth Entrepreneurship, Term Loan, Capital Subsidy, Manufacturing"
Mukhyamatri Rojgaar Srijan Yojana,ANY,ANY,"₹500,000",18-50,Yes,No,ANY
National Apprenticeship Promotion Scheme (NAPS),ANY,female,No cap / not found,14-35,No,No,"Apprenticeship, Skill Development, Vocational Training, Employment, Youth Welfare"
National Apprenticeship Promotion Scheme-2,ANY,ANY,No cap / not found,Not found,No,No,ANY
National Crop Insurance / Agricultural Assistance Scheme (NCA),ANY,female,No cap / not found,18-70,No,Yes,"Agriculture, Crop Insurance, Risk Management, Farmer Welfare, Financial Security"
National Divyangjan Finance and Development Corporation Scheme (NDFADC),ANY,female,No cap / not found,18-70,Yes,No,"Divyangjan, Disability Welfare, Concessional Loans, Education Loans, Skill Training, Self Employment"
National Geospatial Awards / Scheme for Geospatial Innovation and Applications (NGA),ANY,female,"₹5,000,000",18-65,No,No,"Geospatial Technology, Science and Technology, Remote Sensing, GIS, Research Innovation"
National Handicraft Development Programme - Marketing & Emporia Support (NHDP-I&TS-Emporia),ANY,female,"₹500,000",18-65,No,No,"Handicrafts, Artisans, Marketing, Emporia Support, Textiles, Cultural Heritage"
National Handicrafts Development Programme: Infrastructure And Technology Support: EMPORIA,ANY,ANY,No cap / not found,Not found,No,No,handicraft
National Handicrafts Development Programme: Infrastructure And Technology Support: URBAN HAAT,ANY,ANY,No cap / not found,Not found,No,No,handicraft
National Handloom Development Programme - Infrastructure and Technical Support (NHDP-IANDTS-UH),ANY,female,No cap / not found,18-70,No,No,"Handlooms, Textiles, Weavers Support, Infrastructure Development, Technical Upgrade, Artisan Welfare"
National Livestock Mission: Establishment of Entrepreneurship for Breed Development of Rural Poultry,ANY,ANY,No cap / not found,Not found,No,Yes,agriculture
National Livestock Mission: Genetic Improvement of Pig Breeds - Import of Exotic Pig Germplasm,ANY,ANY,No cap / not found,Not found,No,No,agriculture
National Livestock Mission: Genetic Improvement of Pig breeds - Establishment of Pig Semen Collection and Processing Lab,ANY,ANY,No cap / not found,Not found,No,No,agriculture
National Livestock Mission: Promotion of Piggery Entrepreneur,General,ANY,No cap / not found,Not found,No,No,agriculture
National Mission on Agriculture (NMA) / National Mission on Agricultural Extension and Technology,ANY,female,No cap / not found,18-70,No,Yes,"Agriculture, Farming Technology, Agricultural Extension, Capacity Building, Farmer Welfare"
"National Programme for Advancement of Arts, Youth, and Sports in Academic Institutions (NPAAYASIAS)",ANY,female,No cap / not found,14-30,No,No,"Youth Development, Sports Promotion, Arts and Culture, Academic Integration, Student Welfare"
National Scholarship / Assistance Scheme (NSA),Minority,female,"₹250,000",Jun-30,No,No,"Education, Scholarship, Student Welfare, Financial Assistance, Merit Support"
National Single Window System / Support Scheme for Single Women (NSSW),ANY,female,No cap / not found,18-60,No,No,"Women Empowerment, Single Women Welfare, Single Window Clearance, Livelihood Support, Entrepreneurship"
National Social Security Programme / Support Scheme for Senior Persons (NSSP),EWS,female,"₹150,000",60-100,No,No,"Senior Citizen Welfare, Social Security, Pension, Destitute Support, Vulnerable Groups"
National Startup Awards,ANY,ANY,No cap / not found,Not found,No,No,"trading, services, MSME, startup"
New Entrepreneur & Enterprise Development Scheme (NEEDS),ANY,female,No cap / not found,21-45,No,No,"New Entrepreneurs, Enterprise Development, MSME, Business Loan, Capital Subsidy, Self Employment"
New Entrepreneur-cum-enterprise Development Scheme,"General, SC, ST",female,No cap / not found,21-35,Yes,Yes,ANY
New Swarnima Scheme For Women,ANY,female,"₹300,000",18-55,No,No,ANY
Next Generation Incubation Scheme (GENESIS),ANY,female,"₹10,000,000",18-60,No,No,"Startups, Incubation, Tech Innovation, Entrepreneurship, Tier-2/Tier-3 Cities, MeitY"
North East BPO Promotion Scheme (NEBPS),ANY,female,"₹1,000,000",18-60,No,No,"IT/ITeS, BPO Promotion, North East Development, Employment Generation, Technology Infrastructure"
North Eastern Council Assistance / North Eastern Region Community Resource Management Scheme (NECA),ANY,female,No cap / not found,18-60,No,No,"North East Development, Livelihood, Community Resource Management, Tribal Welfare, Infrastructure"
One District One Product (ODOP) Artisans / Craftspeople Financial Assistance Scheme,ANY,female,No cap / not found,18-65,No,No,"Traditional Crafts, Artisan Support, Micro Enterprise, Skill Upgradation, Financial Assistance"
One Family One Enterprise Scheme,ANY,ANY,No cap / not found,Not found,No,No,"manufacturing, trading, services, MSME"
One Time Settlement and Support Scheme for Distressed Farming and Fishing Communities (OTSDFPC),ANY,female,"₹500,000",18-70,No,Yes,"Debt Relief, Farmer Welfare, Fisheries Support, One Time Settlement, Financial Assistance"
PM Street Vendor’s AtmaNirbhar Nidhi (PM SVANidhi),ANY,ANY,No cap / not found,Not found,No,No,trading
PM Vishwakarma,ANY,ANY,No cap / not found,Not found,No,No,"handicraft, trading"
"PM-YASASVI Top Class School Education Scheme for OBC, EBC and DNT",OBC,female,"₹125,000",13-19,No,No,"Education, School Scholarship, OBC Welfare, Tuition Grant, Student Support"
"PRISM (Promoting Innovations in Individuals, Start-ups and MSMEs): Category-1: Proof of Concept/ Prototypes/ Models",General,ANY,No cap / not found,Not found,No,No,"startup, education, healthcare"
"PRISM - Promoting Innovations in Individuals, Start-ups and MSMEs (DSIR)",ANY,female,"₹5,000,000",18-65,No,No,"Innovation, Science & Technology, Startups, R&D, Commercialization, Green Technology"
Padhuke Kuteera Scheme Karnataka,ANY,ANY,"₹30,000",Not found,No,No,handicraft
Patent Filing Reimbursement Scheme,ANY,ANY,No cap / not found,Not found,No,No,ANY
Payroll Subsidy,ANY,ANY,No cap / not found,Not found,No,No,ANY
Performance Linked Grant Scheme for Smaller Business Units,ANY,ANY,No cap / not found,Not found,No,No,ANY
Piggery Farming Scheme (HSFDC),ANY,ANY,"₹180,000",Not found,No,No,ANY
Poultry Farming Scheme (HSFDC),ANY,ANY,"₹180,000",Not found,No,No,ANY
Power Subsidy Scheme,ANY,ANY,No cap / not found,Not found,No,No,ANY
Pradhan Mantri Bhartiya Janaushadhi Pariyojana,ANY,ANY,No cap / not found,Not found,No,No,healthcare
Pradhan Mantri Formalisation Of Micro Food Processing Enterprises,ANY,ANY,No cap / not found,18-100,No,No,"agriculture, trading, education"
Pradhan Mantri Formalisation of Micro Food Processing Enterprises (PMFME) Scheme,ANY,female,No cap / not found,18-70,No,No,"Food Processing, Micro Enterprises, PMFME, Financial Subsidy, Agricultural Value Addition, Rural Development"
Pradhan Mantri Kaushal Vikas Yojana - Short Term Training,ANY,ANY,No cap / not found,15-45,No,No,ANY
Pradhan Mantri Kaushal Vikas Yojana - Short Term Training (PMKVY-STT),ANY,female,No cap / not found,15-45,No,No,"Skill Development, Vocational Training, Employment, Youth Welfare, Training Certification"
Pradhan Mantri Kaushal Vikas Yojana - Special Projects,ANY,female,No cap / not found,Not found,No,No,ANY
Pradhan Mantri Kisan Samman Nidhi (PM-KISAN),ANY,female,"₹6,000",18-100,No,No,"Agriculture, Income Support, Farmer Welfare, Direct Benefit Transfer"
Pradhan Mantri Matsya Sampada Yojana / Fisheries Sector Scheme (CBSSC-MSY),ANY,female,"₹5,000,000",18-65,No,No,"Fisheries, Aquaculture, Marine Development, Farmer Welfare, Financial Assistance, Infrastructure"
Pradhan Mantri Street Vendor's AtmaNirbhar Nidhi (PM SVANidhi),ANY,female,No cap / not found,Not found,No,No,"Urban Livelihood, Street Vendor Support, Micro-Credit, Working Capital, Financial Inclusion"
Pradhan Mantri Vaya Vandana Yojana (PMVVY / PMV),ANY,female,"₹1,500,000",60-100,No,No,"Senior Citizen Welfare, Pension Scheme, Social Security, Financial Assistance, Investment"
Pradhan Mantri Vishwakarma Kaushal Samman (PM VIKAS),ANY,female,"₹500,000",Not found,No,No,"Artisans, Traditional Crafts, Skill Training, Toolkit Incentive, Credit Support, Digital Empowerment"
Preferential Purchase Incentives for Micro and Small Enterprises Scheme,ANY,ANY,No cap / not found,Not found,No,No,trading
Prime Minister's Employment Generation Programme,ANY,ANY,No cap / not found,18-100,No,No,"manufacturing, services, education"
Prime Minister's Scholarship Scheme (PMSS) for Wards of CAPF & AR,ANY,female,"₹36,000",17-25,No,No,"Education, Scholarship, Student Welfare, Technical Education, Higher Learning"
Production Linked Incentive (PLI) Scheme 2.0 for IT Hardware,ANY,female,No cap / not found,18-70,No,No,"IT Hardware, Electronics Manufacturing, Laptops, Servers, Technology Incentives, PLI 2.0"
Production Linked Incentive (PLI) Scheme for Jewelry and Specialized Sectors,ANY,female,"₹50,000,000",Not found,No,No,"Manufacturing, Export Promotion, Jewelry, Industrial Incentives, Production Linked Incentive"
Production Linked Incentive (PLI) Scheme for Pharmaceuticals,ANY,female,"₹100,000,000",Not found,No,No,"Pharmaceuticals, Healthcare, Manufacturing, Export Promotion, Production Linked Incentive"
Production Linked Incentive (PLI) Scheme for Promotion of Domestic Manufacturing of Medical Devices (PLI-PDMMD),ANY,female,No cap / not found,18-70,No,No,"Medical Devices, Healthcare, Domestic Manufacturing, Import Substitution, Industrial Incentives, PLI Scheme"
Production Linked Incentive (PLI) Scheme for Specialty Steel (PRIC),ANY,female,"₹500,000,000",Not found,No,No,"Steel Industry, Manufacturing, Specialty Steel, Export Promotion, Production Linked Incentive"
"Production Linked Incentive (PLI) Scheme for Textiles (Man-Made Fibre Fabrics, Apparel and Technical Textiles)",ANY,female,No cap / not found,18-70,No,No,"Textiles, Apparel, Technical Textiles, Manufacturing, Export Promotion, PLI Scheme"
Production Linked Incentive / Support Scheme for Advanced Automation & Craft Integration (PLISAACI),ANY,female,"₹10,000,000",18-65,No,No,"Production Linked Incentive, Advanced Automation, Manufacturing Support, MSME Growth, Industrial Grant"
Production Linked Incentive Scheme For Automobile And Auto Component Industry,ANY,ANY,No cap / not found,Not found,No,No,manufacturing
Professional and Self Employment Scheme (HSFDC),ANY,ANY,"₹180,000",Not found,No,No,ANY
Promotion of Energy Audit and Conservation of Energy (PEACE): Awareness Programme,ANY,ANY,No cap / not found,Not found,No,No,ANY
Promotion of Energy Audit and Conservation of Energy (PEACE): Detailed Energy Audit,ANY,ANY,No cap / not found,Not found,No,No,manufacturing
Promotion of Energy Audit and Conservation of Energy (PEACE): Incentive for Implementing Energy Audit Recommendations,ANY,ANY,No cap / not found,Not found,No,No,manufacturing
Promotion of Energy Audit and Conservation of Energy (PEACE): Training Programme,ANY,ANY,No cap / not found,Not found,No,No,ANY
Providing Mini Tractor and its Sub Parts to the Self Help Group of Scheduled Castes,ANY,ANY,No cap / not found,Not found,No,No,ANY
Providing Tin stalls to Gatai Kamgar,ANY,ANY,"₹40,000",18-100,No,No,ANY
Purchase of Vehicle for Commercial Hiring Purpose for Persons with Disabilities,ANY,ANY,No cap / not found,18-100,Yes,No,ANY
Quality Certification Reimbursement Scheme,ANY,ANY,No cap / not found,Not found,No,No,"manufacturing, healthcare"
R&D Reimbursement Scheme,ANY,ANY,No cap / not found,10-100,No,No,startup
Rajiv Gandhi Swavlamban Rojgar Yojna,ANY,ANY,No cap / not found,Not found,No,No,"handicraft, trading"
Rajiv Gandhi Swavlamban Rojgar Yojna (RGSRY),"General, OBC, SC, ST",female,No cap / not found,18-50,Yes,No,"Tiny/Cottage Industries, Manufacturing, Trade, Transportation, Hostels, Restaurants (without liquor/meat), Services"
Rashtriya Krishi Vikas Yojana (RKVY) / Kisan Vikas Yojana,ANY,female,No cap / not found,18-70,No,No,"Agriculture, Infrastructure Development, Farming Equipment, Agri-Business, Farmer Welfare"
Readymade Kichan Sahaayata Yojana,General,ANY,No cap / not found,18-50,No,No,healthcare
Registration & Stamp Duty Subsidy Scheme,ANY,ANY,No cap / not found,Not found,No,No,ANY
Reimbursement of Expenses for Startups Operating from Leased/Privately Owned Premises Scheme,ANY,ANY,No cap / not found,10-100,No,No,startup
Reimbursement of Stamp Duty and Registration Charges,ANY,ANY,No cap / not found,Not found,No,No,manufacturing
Reimbursement of membership Fee in Government promoted E-Commerce Portals,"SC, ST",ANY,No cap / not found,Not found,No,No,ANY
Revival and Rehabilitation Scheme for Defunct MSMEs and Cashew Processing Units,General,ANY,No cap / not found,Not found,No,No,manufacturing
Rise Together,ANY,ANY,No cap / not found,18-35,No,No,education
Rural Manufacturing & Financial Growth Promotion Scheme (RMFGP),ANY,female,"₹2,500,000",18-65,No,Yes,"Rural Manufacturing, Micro-Enterprise, Credit Subsidy, Employment Generation, Entrepreneurship Development"
SITARE-Gandhian Young Technological Innovation Award Grant,ANY,ANY,No cap / not found,Not found,No,No,"startup, education"
Saksham Scheme for Backward Classes,ANY,ANY,"₹300,000",18-35,No,No,ANY
Salary Reimbursement Scheme,ANY,ANY,No cap / not found,Not found,No,No,startup
Salary Subsidy Scheme,ANY,ANY,No cap / not found,Not found,No,No,ANY
Sales Rebate under 'Marketing And Publicity',ANY,ANY,No cap / not found,Not found,No,No,handicraft
Samruddhi Scheme,SC,ANY,No cap / not found,21-100,No,No,ANY
Santwana Scheme - Karnataka,Minority,ANY,"₹800,000",18-55,No,No,education
Satat Jeevikoparjan Yojana (SJY),"SC, ST",ANY,No cap / not found,Not found,No,No,ANY
Savitribai Phule Self-Help Scheme,SC,female,No cap / not found,18-55,No,No,ANY
Scheduled Caste Development Fund & Financial Assistance Scheme (SCDF),SC,female,No cap / not found,18-60,No,No,"Scheduled Caste Welfare, Financial Assistance, Entrepreneurship, Educational Support, Development Fund"
Scheme For Assistance For Start Ups/ Innovation,ANY,ANY,No cap / not found,Not found,No,No,"agriculture, startup, education, healthcare"
Scheme for Accelerated Career & Advanced Business Consulting / Entrepreneurship Support (ACANDABC),ANY,female,"₹1,000,000",18-55,No,No,"Business Consulting, Entrepreneurship, MSME Support, Skill Development, Startup Incubation"
Scheme for Additional Interest Subsidy over and above RIPS 2024 and Reimbursement of Annual Credit Guarantee Fee,"SC, ST",female,No cap / not found,18-45,No,No,ANY
Scheme for Assistance for Research & Development Activities: Assistance for Contract/Sponsored Research Work,ANY,ANY,No cap / not found,Not found,No,No,education
Scheme for Assistance for Research & Development Activities: Assistance to Industrial Association for Establishment of R&D Laboratories,ANY,ANY,No cap / not found,Not found,No,No,ANY
Scheme for Assistance for Research & Development Activities: Assistance to R&D Institutions/ Laboratories set up by the State Government or by Government of India,ANY,ANY,No cap / not found,Not found,No,No,ANY
Scheme for Assistance for Industrial Infrastructure,ANY,ANY,No cap / not found,7-100,No,No,"startup, healthcare"
Scheme for Assistance to Logistic Park,ANY,ANY,No cap / not found,Not found,No,No,ANY
Scheme for Assistance to MSMEs for Market Development,ANY,ANY,No cap / not found,Not found,No,No,MSME
"Scheme for Assistance to Micro, Small and Medium Enterprises (MSME):  Assistance for Reimbursement of CGTMSE Fees",ANY,ANY,No cap / not found,Not found,No,No,ANY
"Scheme for Assistance to Micro, Small and Medium Enterprises (MSME):  Assistance for Saving in Consumption of Energy and Water",ANY,ANY,No cap / not found,Not found,No,No,ANY
"Scheme for Assistance to Micro, Small and Medium Enterprises (MSME): Assistance for Interest Subsidy (Manufacturing Sector)",ANY,ANY,No cap / not found,7-100,No,No,manufacturing
"Scheme for Assistance to Micro, Small and Medium Enterprises (MSME): Assistance for Interest Subsidy (Service Sector)",ANY,ANY,No cap / not found,7-100,No,No,services
"Scheme for Assistance to Micro, Small and Medium Enterprises (MSME): Assistance for Patent Registration",ANY,ANY,No cap / not found,Not found,No,No,startup
"Scheme for Assistance to Micro, Small and Medium Enterprises (MSME): Assistance for Power Connection Charges",ANY,ANY,No cap / not found,Not found,No,No,ANY
"Scheme for Assistance to Micro, Small and Medium Enterprises (MSME): Assistance for Quality Certification",ANY,ANY,No cap / not found,Not found,No,No,"manufacturing, services, MSME"
"Scheme for Assistance to Micro, Small and Medium Enterprises (MSME): Assistance for Raising Capital through SME Exchange",ANY,ANY,No cap / not found,Not found,No,No,MSME
"Scheme for Assistance to Micro, Small and Medium Enterprises (MSME): Assistance for Technology Acquisition",ANY,ANY,No cap / not found,Not found,No,No,MSME
"Scheme for Assistance to Micro, Small and Medium Enterprises (MSME): Assistance in Implementation of Information and Communication Technology (ICT)",ANY,ANY,No cap / not found,Not found,No,No,ANY
"Scheme for Assistance to Micro, Small and Medium Enterprises (MSME): Assistance in Rent to MSEs",ANY,ANY,No cap / not found,Not found,No,No,manufacturing
"Scheme for Assistance to Micro, Small and Medium Enterprises (MSME): Assistance of Capital Investment Subsidy (Manufacturing Sector)",ANY,ANY,No cap / not found,7-100,No,No,manufacturing
"Scheme for Assistance to Micro, Small and Medium Enterprises (MSME): Financial Support to MSMEs in ZED Certification",ANY,ANY,No cap / not found,Not found,No,No,"manufacturing, MSME"
"Scheme for Assistance to Micro, Small and Medium Enterprises (MSME): Rehabilitation of Sick Enterprises",ANY,ANY,No cap / not found,Not found,No,No,MSME
Scheme for Awards to MSMES,ANY,ANY,No cap / not found,Not found,No,No,"MSME, startup"
Scheme for Celebration of Birth/death Anniversary of Eminent Personalities,ANY,ANY,No cap / not found,Not found,No,No,ANY
Scheme for Construction of Fish Ponds / Aquaculture Assistance,"General, OBC, SC, ST",female,No cap / not found,18-65,No,No,"Fisheries, Aquaculture, Agriculture & Allied Activities, Rural Income Generation"
Scheme for Enhancement of Technical Competence and Manpower: Scheme of Financial Assistance for Skill Development to MSME Sector,ANY,ANY,No cap / not found,10-100,No,No,MSME
Scheme for Financial & Food Processing Rural Enterprise Startups (SFFRFSE),ANY,female,No cap / not found,18-65,No,No,"Food Processing, Rural Startups, Financial Assistance, Agribusiness, Subsidy, Enterprise Development"
Scheme for Financial Assistance to Integrated Logistics Facilities: Capital Subsidy,ANY,ANY,No cap / not found,Not found,No,No,ANY
Scheme for Financial Assistance to Integrated Logistics Facilities: Exemption of Electricity Duty,ANY,ANY,No cap / not found,Not found,No,No,ANY
Scheme for Financial Assistance to Integrated Logistics Facilities: Interest Subsidy,ANY,ANY,No cap / not found,Not found,No,No,ANY
Scheme for Financial Assistance to Integrated Logistics Facilities: Reimbursement of Stamp Duty,ANY,ANY,No cap / not found,Not found,No,No,ANY
Scheme for Interest Subvention to Nano Household Enterprises,ANY,ANY,No cap / not found,Not found,No,No,"manufacturing, services"
Scheme for Margin Money Grant to Nano Units,"SC, ST",female,No cap / not found,Not found,No,No,"manufacturing, services"
"Scheme for Plantation Development (New planting & Replanting) under Medium Term Framework Plan (MTFP) in Traditional Areas (Kerala and Tamil Nadu), Non-Traditional and North Eastern Region",ANY,ANY,No cap / not found,Not found,No,No,ANY
Scheme for Promotion of Manufacturing of Electronic Components and Semiconductors (ECMS) / Electronics Components Manufacturing Scheme,ANY,female,No cap / not found,18-70,No,No,"Electronics, Semiconductors, Component Manufacturing, Technology Incentive, MeitY, Industrial Growth"
Scheme for Small Business Owners of Scheduled Castes to Buy a Place of Business/Shop,ANY,ANY,No cap / not found,Not found,No,No,"trading, education"
"Scheme for Strengthening Steel / Micro, Small and Medium Enterprises in Steel Sector (SSTEEL)",ANY,female,"₹10,000,000",18-65,No,No,"Steel Industry, Manufacturing, MSME Development, Industrial Technology, Infrastructure"
Scheme for Supply of TV Sets to Industrial Establishments/Labour Welfare Centres/Clubs/Recreation Rooms,ANY,ANY,No cap / not found,Not found,No,No,trading
Scheme for Support and Skill Development of SC/ST Communities (SASSCDC),"SC, ST",female,No cap / not found,16-45,No,No,"Skill Development, SC/ST Welfare, Vocational Training, Financial Support, Empowerment"
Scheme for Wage Compensation to Handloom Weaver Families,ANY,ANY,No cap / not found,Not found,No,No,handicraft
Scheme for assistance for Research & Development Activities: Assistance to Establish Research & Development/Product Development Centre,ANY,ANY,No cap / not found,Not found,No,No,manufacturing
Scheme for assistance for Start Ups/ Innovation: Assistance for Skill Development,ANY,ANY,No cap / not found,Not found,No,No,"agriculture, startup, education, healthcare"
Scheme for assistance for Start Ups/ Innovation: Assistance to Enroll and Participate for Acceleration Program,ANY,ANY,No cap / not found,Not found,No,No,"agriculture, startup, education, healthcare"
Scheme for assistance for Start Ups/ Innovation: Interest Subsidy,ANY,ANY,No cap / not found,Not found,No,No,"agriculture, startup, education, healthcare"
Scheme for assistance for Start Ups/ Innovation: Pre- Series A Funding,ANY,ANY,No cap / not found,Not found,No,No,"agriculture, startup, education, healthcare"
Scheme for assistance for Start Ups/ Innovation: Seed Support,ANY,ANY,No cap / not found,Not found,No,No,"agriculture, startup, education, healthcare"
Scheme for assistance for Start Ups/ Innovation: Sustenance Allowance,ANY,ANY,No cap / not found,Not found,No,No,"agriculture, startup, education, healthcare"
Scheme of Assistance for Common Environment Infrastructure: Common Boiler Project by SPV Constituted by Minimum 10 MSMEs,ANY,ANY,No cap / not found,Not found,No,No,MSME
Scheme of Assistance for Common Environment Infrastructure: Financial Assistance for Common Environmental Infrastructure Facilities,ANY,ANY,No cap / not found,Not found,No,No,ANY
Scheme of Assistance for Common Environment Infrastructure: Scheme for Development of Green Estate,ANY,ANY,No cap / not found,Not found,No,No,ANY
Scheme of Assistance for Common Environment Infrastructure: Scheme of Assistance for Strengthening the Regulation and Environmental Compliance,ANY,ANY,No cap / not found,Not found,No,No,ANY
Scheme of Assistance for Environment Protection Measures: Scheme for assistance to Environment Management,ANY,ANY,No cap / not found,Not found,No,No,manufacturing
Scheme of Assistance for Environment Protection Measures: Scheme for assistance to encouraging Green Practices and Environmental Audit to MSMEs,ANY,ANY,No cap / not found,Not found,No,No,manufacturing
"Scheme of Financial Assistance for Cultural Organization for Holding Conference, Seminar, Symposium, Exhibition, Festival, Competition etc.",ANY,ANY,No cap / not found,2-100,No,No,ANY
Scheme of Fund for Regeneration of Traditional Industries,ANY,ANY,No cap / not found,Not found,No,No,"handicraft, services"
Scheme of Fund for Regeneration of Traditional Industries (SFURTI),ANY,female,"₹80,000,000",18-70,No,No,"Traditional Industries, Artisans, Cluster Development, MSME Support, Rural Development, Financial Assistance"
Scheme of Grant-In-Aid for Conduct of Art Exhibitions: One-Man Shows,ANY,ANY,No cap / not found,Not found,No,No,ANY
Scheme or assistance for Start Ups/ Innovation: Assistance to Startups having a Significant Impact on Society,ANY,ANY,No cap / not found,Not found,No,No,"agriculture, startup, education, healthcare"
Scheme to Provide Assistance for Construction of Retail Outlets/ Agricultural Malls in State Market Committees,ANY,ANY,No cap / not found,Not found,No,No,ANY
Seed Capital Scheme,ANY,ANY,No cap / not found,Not found,No,No,startup
Self Employment Scheme For Traditional Artisans and Craftspersons (SEPT),"General, Minority, OBC, SC, ST",female,No cap / not found,18-50,No,No,"Handloom, Handicrafts, Traditional Crafts, Artisans, Small Business, Micro-enterprise"
Self-Certification Scheme,ANY,ANY,No cap / not found,Not found,No,No,ANY
Self-Employment Scheme For Dependents Of Prisoners,ANY,ANY,No cap / not found,5-100,No,No,ANY
Self-Employment Scheme: Nana Vyavasay Mate Loan Yojana,ANY,female,"₹600,000",5-100,No,No,ANY
Self-Employment Scheme: Transport/ Logistics/ Travels/ Food Court Wyaaj Sahaay,ANY,ANY,"₹600,000",5-100,No,No,ANY
Self-Employment Scheme: Vahan Loan Sahay Yojana,ANY,female,"₹600,000",5-100,No,No,ANY
Semi-Commercial Duck Farming,ANY,ANY,No cap / not found,Not found,No,No,agriculture
"Share Capital to Local Entrepreneurs and Self Employed Scheme, 2008",ANY,female,"₹80,000",Not found,Yes,No,"agriculture, trading"
Sheep Rearing Scheme (HSFDC),ANY,ANY,"₹180,000",Not found,No,No,ANY
Shilp Sampada Term Loan Scheme for Backward Classes- Haryana,ANY,ANY,"₹300,000",18-35,No,No,handicraft
Shilpi Samridhi Yojana,ANY,ANY,"₹300,000",18-45,No,No,ANY
Shrama Shakthi Scheme,Minority,female,"₹350,000",18-55,No,No,"Artisans, Technical Skills, Micro-enterprises, Skilled Trades"
Shramashakthi Special Women's Scheme,Minority,female,"₹350,000",18-55,No,No,ANY
Sikhligar�s Community Development Scheme,ANY,ANY,"₹600,000",18-55,No,No,education
Skill Development Fee Reimbursement Scheme,ANY,ANY,No cap / not found,10-100,No,No,"startup, education"
Skill Development Promotion Scheme,ANY,ANY,No cap / not found,Not found,No,No,"startup, education"
Skill Development and Training for Computer & Information Technology (SDATOCITT),ANY,female,No cap / not found,16-45,No,No,"Information Technology, Skill Development, Digital Literacy, Computer Training, Employment"
"Skill Development, Backward Classes & Professional Programme Promotion Scheme (SDBPPD)",ANY,female,No cap / not found,18-60,No,No,"Skill Development, Backward Classes, Professional Training, Career Programme, Entrepreneurship, Welfare"
Skilled Youth Startup Scheme,ANY,female,No cap / not found,18-45,No,No,"Startup Support, Skill Development, Financial Grant, Margin Money Subsidy"
Small Business in Service/Trading Sector for Persons with Disabilities (Divyangjan Swavalamban Yojana),ANY,ANY,No cap / not found,18-55,Yes,No,ANY
Small Industries Unit for Persons with Disabilities,ANY,ANY,No cap / not found,18-100,Yes,No,ANY
Soft Loan / Technology Fund for Agriculture and Allied Sectors,ANY,female,"₹5,000,000",18-65,No,No,"Agriculture, Agri-Tech, Agro-Processing, Farming Technology, Financial Assistance"
Soft Loan Scheme for Women Entrepreneurs,ANY,female,No cap / not found,Not found,No,No,startup
Solar Power Subsidy Scheme,ANY,ANY,No cap / not found,Not found,No,No,ANY
Special Credit Linked Capital Subsidy Scheme (SCLCSS),ANY,female,"₹10,000,000",18-65,No,No,"MSME Support, Capital Subsidy, Technology Upgradation, Credit Linked, Manufacturing"
Special Credit Linked Capital Subsidy Scheme (SCLCSS) for Scheduled Caste/Scheduled Tribe,"SC, ST",ANY,No cap / not found,Not found,No,No,"manufacturing, services"
Special Incentive Allowance Scheme,ANY,female,No cap / not found,Not found,No,No,ANY
Spurring Entrepreneurship Initiative,ANY,female,No cap / not found,18-40,No,No,startup
Stamp Duty Reimbursement Scheme,ANY,ANY,No cap / not found,Not found,No,No,startup
Stand-Up India,"SC, ST",male,No cap / not found,18-100,No,No,ANY
Stand-Up India Scheme,"SC, ST",female,No cap / not found,Not found,No,No,"Manufacturing, Service, Trading"
Startup India Seed Fund Scheme (SISFS) - Financial Support / Seed Support,ANY,female,No cap / not found,21-65,No,No,"Startups, Seed Funding, Entrepreneurship, Innovation, Venture Support, DPIIT"
Startup India Seed Fund Scheme- For Incubators,ANY,ANY,No cap / not found,Not found,No,No,startup
Startup India Seed Fund Scheme- For Startups,ANY,ANY,No cap / not found,Not found,No,No,"agriculture, services, startup, education, healthcare"
Startup Manipur,ANY,ANY,No cap / not found,18-100,No,No,startup
State Government Share Capital Contribution to Co.operative Sugar Factories (Normal Area) (Tribal Area),ANY,ANY,No cap / not found,Not found,No,No,ANY
State Scheme For Other Backward Classes For Purchase Of Bus,OBC,female,"₹150,000",18-55,No,No,"Transport Services, Passenger Transport, Commercial Vehicle, Small Enterprise"
State Scheme For Scheduled Tribe / Scheduled Caste / OBC For Purchase Of Pick-up Van / Delivery Van / Goods Carrier,"OBC, SC, ST",female,"₹150,000",18-55,No,No,"Transport Services, Goods Transportation, Commercial Logistics, Delivery Services, Small Enterprise"
Sub-mission on Breed Development of Livestock and Poultry,ANY,ANY,No cap / not found,Not found,No,No,agriculture
Subsidy Scheme For Establishment Of 100 Broiler Birds' Farm For Schedule Caste,ANY,ANY,No cap / not found,Not found,No,No,agriculture
Subsidy Scheme For Establishment Of Goat Unit (10+1) For General Category People,General,ANY,No cap / not found,Not found,Yes,No,ANY
Subsidy Scheme For Establishment Of Goat Unit (10+1) For Scheduled Caste People,General,female,No cap / not found,02-Mar,Yes,No,ANY
Subsidy Scheme For Establishment Of Goat Unit (10+1) For Scheduled Tribe Women,ST,female,No cap / not found,Not found,Yes,No,ANY
Subsidy Scheme On Establishment Of - 25 Kadaknath/R.I.R. Birds Unit To Scheduled Tribes,ST,female,No cap / not found,Not found,Yes,No,"Animal Husbandry, Poultry Farming, Livestock, Small Enterprise"
Subsidy Scheme On Establishment Of 25 R.I.R. Birds' Unit For Weaker Section,EWS,ANY,No cap / not found,Not found,No,No,agriculture
Subsidy Scheme On Establishment Of 25 R.I.R. Birds’ Unit For Scheduled Caste,ANY,ANY,No cap / not found,Not found,No,No,agriculture
Subsidy Scheme On Establishment Of 40 R.I.R. Birds Unit For Divyang People,ANY,ANY,No cap / not found,Not found,Yes,No,agriculture
Subsidy for Asset Creation for Intellectual Property: Patent Registration,ANY,ANY,No cap / not found,Not found,No,No,"manufacturing, MSME"
Subsidy for Asset Creation for Intellectual Property: Subsidy on the Cost of Trade Mark Registration or Geographical Indications (GI) in India or Abroad,ANY,ANY,No cap / not found,Not found,No,No,"manufacturing, MSME"
Subsidy for Developing Business Premises for Persons with Disabilities,ANY,ANY,No cap / not found,18-100,Yes,No,ANY
Subsidy for Disabled Young Professionals,ANY,ANY,No cap / not found,18-45,Yes,No,education
Subsidy for Fund Raising from SME Exchange,ANY,ANY,No cap / not found,Not found,No,No,ANY
"Support Scheme for SC, ST and OBC Students (SSSCSTSSSU)","EWS, OBC, SC, ST",female,No cap / not found,16-30,No,No,"Education, Scholarship, Financial Assistance, Student Welfare, SC/ST/OBC Support"
Swami Vivekananda Yuva Pradhan Mantri Employment Scheme (SDYP),"General, OBC, SC, ST",female,No cap / not found,18-45,No,No,"Manufacturing, Service Sector, Business / Trading, Micro Enterprises"
Swarojgar & Jeevan Jyoti Welfare Scheme (SJY),EWS,female,No cap / not found,18-60,No,No,"Swarojgar, Self Employment, Rural Development, Livelihood Support, Entrepreneurship, Welfare"
Swatantrata Sainik Samman Pension Scheme (SPSHS),"SC, ST",female,No cap / not found,Not found,No,No,"Social Security, Pension, Financial Assistance, Rehabilitation"
Swavalambi/Sanchari Marata Malige,ANY,ANY,"₹30,000",Not found,No,No,handicraft
Tamil Nadu Free Agriculture Power Supply Scheme,"General, OBC, SC, ST",female,No cap / not found,Not found,No,No,"Agriculture, Irrigation, Farming, Allied Agricultural Activities"
Technology Acquisition Assistance,ANY,ANY,No cap / not found,Not found,No,No,"manufacturing, MSME"
Technology Development Fund (TDF) Scheme,ANY,ANY,No cap / not found,Not found,No,No,"trading, startup"
Technology Development Fund Scheme (TTDF) / Technology Development and Transfer,ANY,female,"₹100,000,000",18-65,No,No,"Defence Technology, R&D, Innovation, Startups, MSME Support, Technology Transfer"
Technology Fellowship and Patent Promotion Scheme,ANY,ANY,No cap / not found,Not found,No,No,education
Technology Transfer & Commercialization Support Scheme,ANY,female,No cap / not found,Not found,No,No,startup
Technology and Financial Rehabilitation Scheme (TFRS),ANY,female,"₹500,000",18-65,No,No,"Financial Rehabilitation, Technology Support, Tribal Welfare, MSME Support, Debt Relief"
Tejaswini-the Radiant,ANY,female,No cap / not found,18-35,No,Yes,education
Telecom Technology Development Fund,ANY,ANY,No cap / not found,Not found,No,No,startup
Term Loan Scheme,ANY,ANY,"₹98,000",18-50,No,No,ANY
Term Loan Scheme for Backward Classes,ANY,ANY,"₹300,000",18-55,No,No,ANY
Term Loan Scheme- Credit Line 1 for Minority Community,Minority,ANY,"₹98,000",18-55,No,No,ANY
Term Loan Scheme- Credit Line 2 for Minority Community,Minority,ANY,"₹98,001",18-55,No,No,ANY
Term Loan under NSKFDC- Haryana,ANY,ANY,No cap / not found,18-55,No,No,"education, healthcare"
Testing Equipment Scheme (TES),ANY,female,No cap / not found,Not found,No,No,"Quality Control, Testing Equipment, Manufacturing, Micro & Small Enterprises, Industrial Development"
Testing Fee Reimbursement Scheme,"SC, ST",ANY,No cap / not found,Not found,No,No,MSME
The West Bengal Incentive Scheme: Additional Incentive for Adventure Tour Operators,ANY,ANY,No cap / not found,Not found,No,No,ANY
The West Bengal Incentive Scheme: Additional Incentive on Generation of Employment,ANY,ANY,No cap / not found,Not found,No,No,ANY
The West Bengal Incentive Scheme: Capacity Utilisation,ANY,ANY,No cap / not found,Not found,No,No,ANY
The West Bengal Incentive Scheme: Interest Subsidy on Term Loan,ANY,ANY,No cap / not found,Not found,No,No,ANY
The West Bengal Incentive Scheme: Reimbursement of Stamp Duty and Registration Fee,ANY,ANY,No cap / not found,Not found,No,No,ANY
The West Bengal Incentive Scheme: State Capital Investment Subsidy,ANY,ANY,No cap / not found,Not found,No,No,ANY
The West Bengal Incentive Scheme: Subsidy for Quality Improvement,ANY,ANY,No cap / not found,Not found,No,No,ANY
The West Bengal Incentive Scheme: Tourism Promotion Assistance in lieu of Interest Subsidy,ANY,ANY,No cap / not found,Not found,No,No,ANY
The West Bengal Incentive Scheme: Waiver of Electricity Duty,ANY,ANY,No cap / not found,Not found,No,No,ANY
Tool Kit Scheme (P.B.O.C.W.W.B),ANY,ANY,"₹15,000",18-60,No,No,healthcare
Tool Purchase Grant for the Construction Workers,ANY,ANY,No cap / not found,18-60,No,No,ANY
Trade and Business Sector Scheme (HSFDC),ANY,ANY,"₹180,000",Not found,No,No,ANY
Trademark Reimbursement Scheme,ANY,ANY,No cap / not found,Not found,No,No,startup
Transgender Utthan Kosh - Self Employment Programme for Transgender,ANY,ANY,"₹800,000",21-50,No,No,ANY
Transport Loan Scheme,Minority,ANY,No cap / not found,18-45,No,No,ANY
Tripura Industrial Investment Promotion Incentive,ANY,ANY,No cap / not found,Not found,No,No,ANY
Udyogini Scheme,"General, SC, ST",female,"₹200,000",18-55,Yes,No,"Manufacturing, Micro-enterprises, Handicrafts, Food Processing, Services"
Unemployed Youth Employment Generation Programme,"General, Minority, SC, ST",ANY,"₹500,000",Not found,Yes,No,"manufacturing, trading, services"
Unemployed Youth Employment Generation Programme (UYEGP),"General, Minority, SC, ST",female,"₹500,000",18-45,Yes,No,"Manufacturing, Service Sector, Business / Trading, Micro Enterprises"
Unnati Scheme,"SC, ST",ANY,No cap / not found,Not found,No,No,startup
Uttar Poorva Transformative Industrialization Scheme (UNNATI - DPIIT),ANY,female,"₹50,000,000",18-60,No,No,"North East Development, Industrialization, Manufacturing, Capital Investment Subsidy, DPIIT"
Uttarakhand Mega Industrial and Investment Policy (UKMIIP),ANY,female,No cap / not found,Not found,No,No,"Industrial Development, Large Scale Investment, Manufacturing, Capital Investment, Employment Generation"
Venture Capital Fund for Scheduled Castes (VCF-SC),SC,female,"₹20,000,000",18-60,No,No,"Venture Capital, Startup Funding, Enterprise Finance, Scheduled Caste Empowerment, Manufacturing, Innovation"
"Vishesh Katan, Vankari & Vanat Sahay (Spinning & Weaving Assistance Scheme)","General, SC, ST",female,No cap / not found,Not found,No,No,"Khadi & Village Industries, Handloom, Textiles, Production Incentive, Artisans Assistance"
Vocational Yojana & Employment Promotion Scheme (CVY-EMPS),ANY,female,No cap / not found,18-45,No,No,"Vocational Training, Employment Promotion, Skill Development, Youth Empowerment, Job Placement"
"Welfare, Backward Classes & Financial Assistance Grant & Incentive Scheme (WBAFBSGICS)",ANY,female,No cap / not found,18-65,No,No,"Welfare, Backward Classes, Financial Assistance, Incentive Grant, Skill Development, Social Support"
West Bengal Artisans Financial Benefit Scheme 2024: Grant to Industrial Cooperative Society,ANY,ANY,No cap / not found,18-60,No,No,"handicraft, trading"
West Bengal Artisans Financial Benefit Scheme: Facilitation Supports,ANY,ANY,No cap / not found,18-60,No,No,"handicraft, trading"
West Bengal Artisans Financial Benefit Scheme: Support for Digital Marketing,ANY,ANY,No cap / not found,18-60,No,No,"handicraft, trading"
West Bengal Handloom and Khadi Weavers Financial Benefit Scheme 2024: Assistance to Individual Handloom Weaver,ANY,ANY,No cap / not found,Not found,No,No,handicraft
West Bengal Handloom and Khadi Weavers Financial Benefit Scheme 2024: Assistance to Viable and Potentially Viable PWCS,ANY,ANY,No cap / not found,Not found,No,No,handicraft
West Bengal Handloom and Khadi Weavers Financial Benefit Scheme 2024: Supply of Yarn to Societies etc. at Subsidized Rate,ANY,ANY,No cap / not found,Not found,No,No,handicraft
West Bengal Handloom and Khadi Weavers Financial Benefit Scheme 2024: Support for One Time Settlement (OTS) of NPA Accounts of PWCS,ANY,ANY,No cap / not found,Not found,No,No,handicraft
West Bengal Incentive Scheme for Approved Industrial Park (SAIP) for MSMEs: Construction of Approach Road,ANY,ANY,No cap / not found,Not found,No,No,ANY
West Bengal Incentive Scheme for Approved Industrial Park (SAIP) for MSMEs: Incentive for Basic and Essential Common Infrastructure Facilities,ANY,ANY,No cap / not found,Not found,No,No,ANY
West Bengal Incentive Scheme for Approved Industrial Park (SAIP) for MSMEs: Incentive for Common Effluent Treatment Plant (CETP),ANY,ANY,No cap / not found,Not found,No,No,ANY
West Bengal Incentive Scheme for Approved Industrial Park (SAIP) for MSMEs: Incentive for Setting up a Power Sub Station,ANY,ANY,No cap / not found,Not found,No,No,ANY
West Bengal Incentive Scheme for Approved Industrial Park (SAIP) for MSMEs: Reimbursement of Stamp Duty,ANY,ANY,No cap / not found,Not found,No,No,ANY
West Bengal Textile Incentive Scheme: Incentive for Energy Efficiency,ANY,ANY,No cap / not found,Not found,No,No,manufacturing
West Bengal Textile Incentive Scheme: Power Subsidy,ANY,ANY,No cap / not found,Not found,No,No,manufacturing
West Bengal Textile Incentive Scheme: Reimbursement of Stamp Duty and Registration Fee,ANY,ANY,No cap / not found,Not found,No,No,manufacturing
West Bengal Textile Incentive Scheme: State Capital Investment Subsidy,ANY,ANY,No cap / not found,Not found,No,No,manufacturing
West Bengal Textile Incentive Scheme: Subsidy for Water conservation/ Environment Compliance,ANY,ANY,No cap / not found,Not found,No,No,manufacturing
West Bengal Textile Incentive Scheme: Waiver of Electricity Duty,ANY,ANY,No cap / not found,Not found,No,No,manufacturing
West Bengal Textile Incentive Scheme: Waiver of Fees for Land Conversion and Mutation,ANY,ANY,No cap / not found,Not found,No,No,manufacturing
Women Self Employment Scheme,ANY,female,"₹35,000",Not found,Yes,No,trading
YSR Nethanna Nestham,ANY,ANY,No cap / not found,Not found,No,No,handicraft
"Exposure Tour for the Coir Artisansan Component of the ""Development of Coir"" Scheme",ANY,ANY,No cap / not found,Not found,No,No,handicraft
